X,Y,Z
958.0,-58.0,-608.0
956.0,-40.0,-609.0
958.0,-48.0,-610.0
956.0,-50.0,-588.0
950.0,-48.0,-599.0
962.0,-40.0,-616.0
954.0,-44.0,-606.0
966.0,-36.0,-582.0
954.0,-32.0,-579.0
952.0,-36.0,-605.0
972.0,-38.0,-593.0
960.0,-52.0,-582.0
968.0,-38.0,-594.0
964.0,-32.0,-608.0
944.0,-44.0,-579.0
950.0,-38.0,-608.0
954.0,-36.0,-615.0
940.0,-40.0,-597.0
958.0,-38.0,-610.0
952.0,-46.0,-583.0
954.0,-34.0,-597.0
950.0,-50.0,-588.0
960.0,-30.0,-598.0
956.0,-38.0,-629.0
956.0,-44.0,-611.0
956.0,-64.0,-610.0
962.0,-38.0,-605.0
956.0,-44.0,-603.0
966.0,-32.0,-593.0
950.0,-32.0,-608.0
950.0,-44.0,-622.0
956.0,-40.0,-579.0
968.0,-52.0,-621.0
948.0,-48.0,-610.0
962.0,-48.0,-615.0
964.0,-44.0,-615.0
940.0,-46.0,-615.0
976.0,-44.0,-608.0
960.0,-36.0,-600.0
958.0,-56.0,-592.0
956.0,-40.0,-606.0
956.0,-60.0,-601.0
956.0,-42.0,-620.0
952.0,-32.0,-614.0
960.0,-22.0,-601.0
972.0,-48.0,-606.0
966.0,-36.0,-612.0
952.0,-34.0,-587.0
966.0,-46.0,-591.0
968.0,-6.0,-596.0
958.0,-34.0,-585.0
962.0,-42.0,-593.0
960.0,2.0,-615.0
964.0,-48.0,-602.0
960.0,-36.0,-581.0
952.0,-40.0,-588.0
952.0,-34.0,-618.0
956.0,-38.0,-589.0
960.0,-32.0,-593.0
950.0,-16.0,-600.0
956.0,-32.0,-601.0
960.0,-42.0,-590.0
950.0,-38.0,-586.0
966.0,-42.0,-599.0
962.0,-34.0,-608.0
970.0,-18.0,-605.0
944.0,-36.0,-585.0
956.0,-10.0,-598.0
968.0,-28.0,-624.0
984.0,-24.0,-587.0
956.0,-42.0,-592.0
960.0,-38.0,-603.0
968.0,-18.0,-587.0
960.0,-44.0,-596.0
960.0,-42.0,-610.0
954.0,-54.0,-611.0
970.0,-20.0,-595.0
954.0,-36.0,-593.0
952.0,-46.0,-594.0
968.0,-30.0,-582.0
964.0,-36.0,-607.0
966.0,-36.0,-574.0
956.0,-42.0,-611.0
968.0,-46.0,-600.0
956.0,-34.0,-618.0
970.0,-38.0,-598.0
964.0,-34.0,-574.0
976.0,-26.0,-610.0
956.0,-40.0,-601.0
944.0,-40.0,-592.0
940.0,-16.0,-602.0
954.0,-38.0,-617.0
952.0,-56.0,-617.0
944.0,-30.0,-613.0
962.0,-34.0,-587.0
944.0,-34.0,-605.0
952.0,-36.0,-610.0
956.0,-32.0,-600.0
952.0,-24.0,-591.0
950.0,-34.0,-609.0
948.0,-36.0,-614.0
966.0,-26.0,-607.0
970.0,-28.0,-604.0
962.0,-10.0,-609.0
956.0,-4.0,-609.0
946.0,14.0,-613.0
950.0,26.0,-624.0
958.0,28.0,-606.0
950.0,36.0,-635.0
962.0,52.0,-616.0
958.0,50.0,-615.0
962.0,54.0,-627.0
968.0,74.0,-638.0
976.0,80.0,-662.0
974.0,80.0,-642.0
978.0,94.0,-645.0
970.0,106.0,-637.0
974.0,96.0,-665.0
972.0,112.0,-666.0
972.0,126.0,-688.0
946.0,124.0,-656.0
948.0,144.0,-668.0
962.0,166.0,-657.0
962.0,168.0,-662.0
958.0,172.0,-677.0
960.0,180.0,-679.0
964.0,172.0,-681.0
966.0,192.0,-669.0
956.0,200.0,-684.0
956.0,220.0,-690.0
942.0,194.0,-656.0
946.0,222.0,-658.0
954.0,226.0,-660.0
954.0,232.0,-686.0
956.0,244.0,-665.0
946.0,246.0,-668.0
948.0,266.0,-674.0
946.0,268.0,-668.0
952.0,264.0,-645.0
954.0,284.0,-658.0
936.0,272.0,-653.0
936.0,278.0,-666.0
922.0,280.0,-651.0
948.0,288.0,-663.0
930.0,308.0,-650.0
954.0,286.0,-652.0
938.0,296.0,-657.0
944.0,292.0,-649.0
952.0,304.0,-656.0
948.0,312.0,-646.0
956.0,300.0,-645.0
954.0,300.0,-660.0
954.0,288.0,-648.0
950.0,304.0,-679.0
962.0,304.0,-652.0
968.0,290.0,-636.0
962.0,286.0,-641.0
978.0,294.0,-636.0
986.0,272.0,-642.0
978.0,278.0,-628.0
984.0,294.0,-656.0
986.0,270.0,-669.0
988.0,278.0,-657.0
996.0,270.0,-645.0
972.0,266.0,-651.0
980.0,264.0,-661.0
992.0,250.0,-637.0
986.0,238.0,-645.0
968.0,234.0,-631.0
972.0,222.0,-662.0
956.0,220.0,-628.0
932.0,204.0,-648.0
928.0,190.0,-627.0
942.0,182.0,-627.0
924.0,178.0,-609.0
912.0,166.0,-626.0
916.0,158.0,-632.0
916.0,140.0,-613.0
896.0,138.0,-636.0
908.0,132.0,-634.0
880.0,126.0,-604.0
892.0,114.0,-615.0
878.0,84.0,-609.0
876.0,90.0,-582.0
880.0,96.0,-573.0
882.0,70.0,-592.0
882.0,56.0,-590.0
882.0,58.0,-614.0
882.0,52.0,-589.0
888.0,50.0,-573.0
904.0,48.0,-609.0
882.0,28.0,-586.0
896.0,34.0,-587.0
912.0,10.0,-582.0
906.0,-12.0,-580.0
928.0,12.0,-577.0
926.0,-12.0,-578.0
934.0,-20.0,-582.0
938.0,-28.0,-574.0
934.0,-16.0,-572.0
952.0,-36.0,-559.0
962.0,-48.0,-559.0
966.0,-56.0,-571.0
970.0,-66.0,-581.0
982.0,-68.0,-565.0
992.0,-84.0,-560.0
1002.0,-88.0,-544.0
1028.0,-98.0,-545.0
1038.0,-120.0,-542.0
1062.0,-130.0,-540.0
1060.0,-130.0,-557.0
1024.0,-140.0,-535.0
1108.0,-142.0,-527.0
1128.0,-156.0,-533.0
1152.0,-160.0,-492.0
1192.0,-178.0,-519.0
1204.0,-182.0,-509.0
1266.0,-176.0,-487.0
1284.0,-184.0,-485.0
1298.0,-180.0,-455.0
1332.0,-180.0,-467.0
1366.0,-174.0,-436.0
1400.0,-138.0,-445.0
1408.0,-142.0,-432.0
1440.0,-136.0,-423.0
1462.0,-118.0,-417.0
1482.0,-116.0,-397.0
1512.0,-74.0,-403.0
1518.0,-94.0,-414.0
1546.0,-52.0,-401.0
1564.0,-34.0,-418.0
1586.0,2.0,-402.0
1592.0,14.0,-388.0
1594.0,64.0,-388.0
1618.0,72.0,-385.0
1614.0,88.0,-390.0
1634.0,120.0,-381.0
1644.0,140.0,-380.0
1646.0,156.0,-355.0
1664.0,190.0,-380.0
1648.0,196.0,-393.0
1650.0,230.0,-367.0
1652.0,238.0,-372.0
1656.0,274.0,-371.0
1654.0,278.0,-385.0
1666.0,296.0,-379.0
1644.0,326.0,-373.0
1650.0,342.0,-361.0
1654.0,362.0,-365.0
1644.0,380.0,-380.0
1656.0,392.0,-368.0
1638.0,400.0,-360.0
1638.0,426.0,-389.0
1622.0,422.0,-374.0
1638.0,434.0,-385.0
1634.0,448.0,-378.0
1620.0,456.0,-396.0
1616.0,472.0,-387.0
1610.0,464.0,-378.0
1602.0,482.0,-396.0
1578.0,468.0,-426.0
1588.0,488.0,-394.0
1602.0,494.0,-442.0
1582.0,502.0,-409.0
1576.0,504.0,-424.0
1560.0,500.0,-418.0
1566.0,508.0,-436.0
1560.0,506.0,-447.0
1556.0,508.0,-438.0
1538.0,514.0,-434.0
1558.0,504.0,-454.0
1548.0,512.0,-440.0
1532.0,512.0,-436.0
1556.0,520.0,-457.0
1550.0,518.0,-467.0
1562.0,534.0,-451.0
1542.0,542.0,-464.0
1548.0,540.0,-454.0
1538.0,542.0,-454.0
1544.0,552.0,-440.0
1530.0,546.0,-462.0
1536.0,546.0,-441.0
1534.0,566.0,-441.0
1528.0,566.0,-447.0
1560.0,558.0,-459.0
1524.0,556.0,-454.0
1542.0,564.0,-447.0
1536.0,558.0,-449.0
1542.0,578.0,-423.0
1524.0,568.0,-424.0
1526.0,586.0,-417.0
1546.0,582.0,-434.0
1548.0,578.0,-412.0
1548.0,582.0,-412.0
1546.0,572.0,-419.0
1562.0,564.0,-414.0
1552.0,570.0,-415.0
1552.0,572.0,-407.0
1544.0,568.0,-410.0
1572.0,572.0,-423.0
1566.0,592.0,-369.0
1576.0,584.0,-376.0
1584.0,578.0,-345.0
1590.0,592.0,-329.0
1590.0,576.0,-333.0
1604.0,586.0,-339.0
1590.0,592.0,-304.0
1606.0,584.0,-304.0
1600.0,598.0,-304.0
1602.0,620.0,-281.0
1604.0,622.0,-284.0
1598.0,642.0,-283.0
1606.0,640.0,-261.0
1604.0,642.0,-233.0
1604.0,652.0,-219.0
1604.0,652.0,-229.0
1592.0,666.0,-220.0
1604.0,670.0,-228.0
1598.0,668.0,-211.0
1588.0,670.0,-205.0
1596.0,678.0,-193.0
1592.0,678.0,-195.0
1604.0,680.0,-189.0
1592.0,678.0,-149.0
1608.0,682.0,-149.0
1608.0,670.0,-162.0
1616.0,678.0,-160.0
1600.0,666.0,-141.0
1596.0,670.0,-150.0
1608.0,668.0,-148.0
1618.0,664.0,-146.0
1624.0,670.0,-113.0
1628.0,676.0,-110.0
1622.0,686.0,-97.0
1616.0,676.0,-83.0
1620.0,676.0,-59.0
1630.0,670.0,-48.0
1626.0,662.0,-11.0
1640.0,660.0,-7.0
1636.0,662.0,12.0
1634.0,670.0,39.0
1640.0,658.0,28.0
1648.0,672.0,61.0
1636.0,660.0,87.0
1630.0,652.0,103.0
1634.0,644.0,141.0
1648.0,640.0,152.0
1640.0,638.0,171.0
1640.0,646.0,193.0
1638.0,612.0,225.0
1628.0,630.0,256.0
1636.0,620.0,278.0
1626.0,612.0,301.0
1616.0,608.0,321.0
1602.0,608.0,338.0
1610.0,612.0,374.0
1600.0,628.0,381.0
1588.0,614.0,415.0
1570.0,630.0,424.0
1550.0,622.0,433.0
1548.0,630.0,469.0
1536.0,620.0,454.0
1524.0,626.0,478.0
1510.0,620.0,498.0
1504.0,614.0,498.0
1492.0,630.0,515.0
1474.0,642.0,543.0
1458.0,628.0,560.0
1458.0,630.0,552.0
1432.0,626.0,563.0
1430.0,636.0,567.0
1408.0,640.0,590.0
1406.0,646.0,592.0
1380.0,640.0,591.0
1376.0,640.0,616.0
1360.0,642.0,625.0
1340.0,642.0,619.0
1328.0,642.0,629.0
1336.0,642.0,625.0
1320.0,646.0,628.0
1328.0,660.0,612.0
1312.0,658.0,625.0
1316.0,644.0,626.0
1302.0,642.0,612.0
1310.0,652.0,602.0
1286.0,654.0,618.0
1322.0,652.0,623.0
1302.0,662.0,629.0
1316.0,640.0,616.0
1300.0,654.0,629.0
1298.0,656.0,637.0
1288.0,656.0,622.0
1286.0,662.0,645.0
1266.0,652.0,616.0
1272.0,654.0,623.0
1262.0,650.0,638.0
1246.0,644.0,652.0
1238.0,638.0,656.0
1232.0,652.0,660.0
1212.0,646.0,660.0
1200.0,634.0,671.0
1190.0,634.0,690.0
1166.0,630.0,700.0
1158.0,624.0,699.0
1142.0,636.0,707.0
1128.0,620.0,710.0
1114.0,622.0,691.0
1090.0,616.0,716.0
1064.0,618.0,698.0
1032.0,620.0,720.0
1010.0,622.0,697.0
982.0,622.0,697.0
956.0,606.0,726.0
940.0,616.0,717.0
916.0,604.0,722.0
898.0,610.0,705.0
868.0,600.0,703.0
834.0,602.0,723.0
798.0,598.0,677.0
774.0,600.0,651.0
750.0,600.0,659.0
732.0,606.0,651.0
708.0,608.0,639.0
684.0,608.0,620.0
650.0,604.0,596.0
620.0,616.0,569.0
602.0,610.0,577.0
584.0,602.0,540.0
560.0,610.0,508.0
528.0,602.0,483.0
518.0,612.0,472.0
490.0,598.0,424.0
488.0,606.0,391.0
472.0,612.0,377.0
456.0,602.0,340.0
442.0,604.0,322.0
428.0,584.0,289.0
414.0,596.0,261.0
406.0,596.0,229.0
402.0,600.0,200.0
404.0,606.0,178.0
402.0,606.0,142.0
388.0,602.0,121.0
374.0,592.0,80.0
390.0,596.0,80.0
402.0,596.0,42.0
388.0,590.0,-2.0
394.0,598.0,-43.0
414.0,584.0,-66.0
404.0,582.0,-113.0
406.0,588.0,-145.0
414.0,584.0,-160.0
428.0,598.0,-194.0
430.0,598.0,-206.0
448.0,596.0,-238.0
480.0,612.0,-266.0
480.0,596.0,-258.0
498.0,574.0,-301.0
518.0,598.0,-314.0
518.0,592.0,-338.0
534.0,576.0,-342.0
538.0,576.0,-364.0
548.0,576.0,-380.0
574.0,562.0,-400.0
560.0,554.0,-408.0
574.0,544.0,-404.0
596.0,568.0,-435.0
606.0,556.0,-433.0
610.0,566.0,-463.0
626.0,550.0,-477.0
648.0,538.0,-487.0
652.0,538.0,-515.0
658.0,536.0,-504.0
672.0,522.0,-503.0
704.0,526.0,-505.0
706.0,524.0,-542.0
716.0,506.0,-550.0
712.0,508.0,-554.0
710.0,514.0,-557.0
726.0,492.0,-553.0
732.0,502.0,-551.0
748.0,500.0,-558.0
770.0,482.0,-570.0
758.0,492.0,-562.0
766.0,476.0,-566.0
768.0,484.0,-562.0
748.0,488.0,-555.0
742.0,488.0,-551.0
748.0,498.0,-562.0
740.0,498.0,-535.0
728.0,488.0,-560.0
736.0,488.0,-522.0
738.0,486.0,-539.0
712.0,496.0,-543.0
734.0,490.0,-535.0
720.0,508.0,-518.0
716.0,514.0,-528.0
714.0,524.0,-515.0
728.0,512.0,-529.0
714.0,516.0,-510.0
714.0,532.0,-512.0
706.0,522.0,-520.0
708.0,528.0,-492.0
716.0,530.0,-522.0
702.0,522.0,-522.0
698.0,506.0,-507.0
676.0,508.0,-494.0
678.0,498.0,-508.0
688.0,490.0,-499.0
662.0,484.0,-501.0
644.0,498.0,-489.0
662.0,482.0,-498.0
662.0,498.0,-481.0
662.0,496.0,-493.0
668.0,498.0,-488.0
660.0,498.0,-490.0
664.0,504.0,-484.0
660.0,498.0,-465.0
666.0,500.0,-479.0
642.0,484.0,-445.0
660.0,496.0,-468.0
652.0,480.0,-468.0
648.0,494.0,-463.0
650.0,484.0,-461.0
638.0,490.0,-454.0
642.0,476.0,-463.0
636.0,474.0,-455.0
624.0,470.0,-469.0
632.0,462.0,-461.0
656.0,458.0,-458.0
630.0,440.0,-461.0
626.0,444.0,-449.0
624.0,442.0,-460.0
626.0,444.0,-444.0
620.0,412.0,-467.0
640.0,420.0,-443.0
630.0,424.0,-446.0
622.0,436.0,-481.0
632.0,420.0,-466.0
646.0,402.0,-467.0
630.0,398.0,-480.0
630.0,404.0,-476.0
634.0,376.0,-493.0
634.0,370.0,-474.0
638.0,358.0,-472.0
648.0,348.0,-511.0
646.0,360.0,-486.0
658.0,342.0,-506.0
652.0,324.0,-495.0
640.0,318.0,-477.0
646.0,306.0,-508.0
648.0,304.0,-514.0
662.0,274.0,-509.0
676.0,280.0,-522.0
682.0,258.0,-526.0
690.0,242.0,-519.0
686.0,238.0,-529.0
706.0,214.0,-528.0
724.0,214.0,-549.0
720.0,200.0,-559.0
756.0,178.0,-553.0
770.0,166.0,-574.0
774.0,148.0,-555.0
796.0,136.0,-570.0
802.0,118.0,-592.0
830.0,112.0,-605.0
846.0,104.0,-615.0
860.0,94.0,-613.0
890.0,78.0,-623.0
914.0,72.0,-616.0
934.0,54.0,-603.0
954.0,56.0,-615.0
972.0,52.0,-622.0
1004.0,46.0,-603.0
1042.0,54.0,-611.0
1048.0,38.0,-623.0
1074.0,26.0,-616.0
1088.0,28.0,-628.0
1128.0,40.0,-624.0
1130.0,52.0,-619.0
1148.0,56.0,-620.0
1174.0,66.0,-641.0
1200.0,68.0,-624.0
1196.0,86.0,-645.0
1226.0,96.0,-643.0
1244.0,104.0,-625.0
1258.0,124.0,-633.0
1270.0,134.0,-647.0
1288.0,150.0,-658.0
1290.0,158.0,-633.0
1324.0,170.0,-635.0
1314.0,208.0,-618.0
1334.0,226.0,-626.0
1336.0,228.0,-636.0
1344.0,250.0,-613.0
1352.0,274.0,-638.0
1350.0,276.0,-601.0
1342.0,294.0,-644.0
1340.0,316.0,-632.0
1342.0,318.0,-631.0
1332.0,342.0,-628.0
1336.0,342.0,-624.0
1328.0,352.0,-642.0
1328.0,378.0,-661.0
1340.0,390.0,-629.0
1326.0,400.0,-606.0
1336.0,398.0,-624.0
1326.0,412.0,-627.0
1348.0,426.0,-619.0
1328.0,426.0,-614.0
1344.0,448.0,-623.0
1338.0,466.0,-613.0
1340.0,466.0,-608.0
1348.0,464.0,-602.0
1358.0,492.0,-604.0
1368.0,486.0,-579.0
1368.0,502.0,-586.0
1380.0,504.0,-582.0
1382.0,512.0,-581.0
1376.0,514.0,-572.0
1376.0,524.0,-561.0
1400.0,526.0,-541.0
1392.0,524.0,-524.0
1402.0,538.0,-538.0
1410.0,536.0,-526.0
1444.0,540.0,-535.0
1432.0,548.0,-531.0
1456.0,538.0,-512.0
1466.0,540.0,-504.0
1472.0,536.0,-475.0
1472.0,548.0,-469.0
1498.0,542.0,-466.0
1498.0,560.0,-452.0
1528.0,556.0,-446.0
1534.0,556.0,-414.0
1528.0,554.0,-421.0
1544.0,548.0,-386.0
1542.0,564.0,-396.0
1544.0,558.0,-390.0
1560.0,562.0,-386.0
1566.0,566.0,-355.0
1572.0,566.0,-336.0
1592.0,548.0,-363.0
1588.0,562.0,-329.0
1608.0,560.0,-310.0
1614.0,566.0,-288.0
1628.0,558.0,-278.0
1638.0,562.0,-241.0
1622.0,566.0,-236.0
1638.0,572.0,-221.0
1648.0,558.0,-206.0
1648.0,576.0,-194.0
1662.0,570.0,-170.0
1658.0,558.0,-173.0
1660.0,576.0,-159.0
1656.0,586.0,-136.0
1668.0,600.0,-122.0
1658.0,588.0,-112.0
1668.0,588.0,-101.0
1668.0,588.0,-116.0
1674.0,588.0,-86.0
1676.0,590.0,-70.0
1668.0,594.0,-56.0
1670.0,576.0,-37.0
1678.0,594.0,-41.0
1682.0,600.0,-1.0
1672.0,600.0,13.0
1650.0,610.0,43.0
1644.0,638.0,48.0
1640.0,646.0,37.0
1630.0,652.0,30.0
1656.0,656.0,60.0
1624.0,672.0,46.0
1618.0,672.0,74.0
1614.0,688.0,69.0
1596.0,694.0,87.0
1606.0,700.0,78.0
1586.0,702.0,79.0
1578.0,702.0,64.0
1594.0,706.0,85.0
1554.0,728.0,81.0
1568.0,728.0,82.0
1572.0,728.0,105.0
1556.0,730.0,98.0
1546.0,730.0,128.0
1546.0,736.0,116.0
1536.0,742.0,163.0
1544.0,736.0,151.0
1544.0,734.0,148.0
1530.0,728.0,201.0
1534.0,730.0,191.0
1528.0,744.0,203.0
1518.0,722.0,226.0
1522.0,728.0,245.0
1506.0,744.0,258.0
1492.0,744.0,257.0
1488.0,744.0,282.0
1478.0,732.0,323.0
1476.0,724.0,329.0
1474.0,710.0,341.0
1456.0,706.0,385.0
1442.0,704.0,387.0
1430.0,710.0,408.0
1414.0,708.0,440.0
1396.0,694.0,445.0
1390.0,712.0,468.0
1366.0,692.0,489.0
1360.0,700.0,482.0
1344.0,702.0,499.0
1316.0,700.0,520.0
1296.0,698.0,556.0
1272.0,708.0,569.0
1260.0,698.0,593.0
1218.0,698.0,571.0
1196.0,718.0,604.0
1172.0,714.0,618.0
1152.0,718.0,630.0
1122.0,720.0,628.0
1130.0,748.0,617.0
1106.0,726.0,611.0
1090.0,738.0,609.0
1074.0,742.0,606.0
1070.0,744.0,614.0
1060.0,724.0,638.0
1054.0,744.0,628.0
1044.0,758.0,640.0
1018.0,754.0,634.0
988.0,758.0,636.0
980.0,756.0,615.0
950.0,754.0,612.0
936.0,766.0,639.0
878.0,766.0,620.0
872.0,764.0,601.0
856.0,762.0,604.0
824.0,788.0,583.0
784.0,800.0,554.0
764.0,800.0,548.0
738.0,820.0,511.0
708.0,810.0,503.0
690.0,808.0,462.0
662.0,812.0,430.0
628.0,794.0,436.0
616.0,798.0,402.0
582.0,798.0,368.0
578.0,808.0,344.0
562.0,790.0,327.0
524.0,784.0,289.0
532.0,778.0,273.0
516.0,776.0,260.0
488.0,766.0,226.0
476.0,754.0,184.0
456.0,748.0,176.0
454.0,734.0,124.0
460.0,716.0,103.0
450.0,718.0,62.0
434.0,688.0,8.0
428.0,684.0,-17.0
442.0,676.0,-55.0
430.0,686.0,-83.0
442.0,642.0,-133.0
446.0,636.0,-171.0
442.0,616.0,-210.0
436.0,578.0,-230.0
462.0,570.0,-246.0
448.0,562.0,-262.0
462.0,554.0,-292.0
472.0,522.0,-307.0
478.0,516.0,-335.0
484.0,502.0,-357.0
496.0,490.0,-338.0
512.0,492.0,-342.0
518.0,468.0,-361.0
510.0,458.0,-380.0
512.0,436.0,-362.0
508.0,440.0,-394.0
522.0,434.0,-409.0
534.0,446.0,-401.0
542.0,438.0,-432.0
534.0,432.0,-442.0
558.0,418.0,-436.0
564.0,440.0,-438.0
572.0,440.0,-459.0
584.0,436.0,-459.0
596.0,434.0,-477.0
608.0,448.0,-480.0
612.0,438.0,-483.0
614.0,450.0,-478.0
618.0,460.0,-473.0
646.0,472.0,-475.0
632.0,472.0,-485.0
634.0,486.0,-502.0
640.0,496.0,-479.0
644.0,506.0,-479.0
656.0,518.0,-469.0
634.0,520.0,-455.0
614.0,524.0,-451.0
614.0,526.0,-461.0
604.0,542.0,-428.0
614.0,554.0,-451.0
600.0,556.0,-414.0
590.0,560.0,-394.0
580.0,556.0,-384.0
558.0,562.0,-397.0
556.0,566.0,-379.0
556.0,572.0,-377.0
558.0,564.0,-359.0
552.0,560.0,-346.0
540.0,538.0,-358.0
532.0,562.0,-322.0
544.0,560.0,-338.0
530.0,546.0,-326.0
522.0,544.0,-318.0
532.0,536.0,-313.0
522.0,526.0,-304.0
526.0,510.0,-302.0
484.0,480.0,-317.0
526.0,462.0,-305.0
508.0,450.0,-313.0
512.0,432.0,-312.0
512.0,412.0,-302.0
512.0,416.0,-306.0
518.0,390.0,-335.0
540.0,364.0,-326.0
536.0,364.0,-325.0
550.0,356.0,-348.0
556.0,340.0,-372.0
560.0,326.0,-361.0
550.0,314.0,-382.0
570.0,294.0,-395.0
572.0,288.0,-399.0
592.0,280.0,-394.0
584.0,262.0,-376.0
610.0,248.0,-397.0
600.0,226.0,-422.0
624.0,228.0,-437.0
630.0,192.0,-448.0
652.0,196.0,-452.0
654.0,174.0,-450.0
674.0,168.0,-442.0
672.0,150.0,-473.0
696.0,136.0,-459.0
714.0,112.0,-501.0
722.0,86.0,-491.0
736.0,82.0,-502.0
750.0,72.0,-502.0
768.0,54.0,-493.0
798.0,54.0,-500.0
826.0,50.0,-518.0
840.0,30.0,-512.0
846.0,18.0,-530.0
868.0,-22.0,-521.0
880.0,2.0,-522.0
920.0,-18.0,-544.0
922.0,-26.0,-529.0
946.0,-42.0,-547.0
966.0,-48.0,-546.0
992.0,-72.0,-548.0
1004.0,-68.0,-552.0
1046.0,-60.0,-537.0
1092.0,-66.0,-549.0
1088.0,-56.0,-552.0
1112.0,-60.0,-543.0
1134.0,-42.0,-564.0
1160.0,-50.0,-571.0
1188.0,-18.0,-573.0
1208.0,-4.0,-569.0
1230.0,-4.0,-572.0
1240.0,8.0,-565.0
1258.0,40.0,-578.0
1274.0,22.0,-574.0
1296.0,56.0,-574.0
1302.0,54.0,-566.0
1306.0,56.0,-596.0
1328.0,70.0,-564.0
1330.0,76.0,-574.0
1344.0,82.0,-576.0
1332.0,92.0,-553.0
1330.0,98.0,-574.0
1346.0,98.0,-564.0
1340.0,110.0,-588.0
1360.0,126.0,-556.0
1362.0,128.0,-577.0
1354.0,136.0,-581.0
1356.0,150.0,-571.0
1372.0,170.0,-551.0
1380.0,182.0,-582.0
1376.0,186.0,-584.0
1390.0,202.0,-594.0
1410.0,224.0,-571.0
1384.0,224.0,-587.0
1410.0,244.0,-579.0
1402.0,252.0,-572.0
1424.0,244.0,-569.0
1428.0,268.0,-556.0
1416.0,264.0,-588.0
1414.0,282.0,-563.0
1430.0,280.0,-550.0
1438.0,292.0,-547.0
1454.0,298.0,-544.0
1454.0,290.0,-554.0
1466.0,306.0,-522.0
1484.0,298.0,-520.0
1512.0,288.0,-500.0
1522.0,290.0,-469.0
1540.0,288.0,-479.0
1546.0,290.0,-442.0
1560.0,268.0,-459.0
1566.0,278.0,-423.0
1586.0,280.0,-422.0
1590.0,258.0,-404.0
1604.0,278.0,-400.0
1618.0,262.0,-377.0
1622.0,278.0,-374.0
1628.0,290.0,-343.0
1650.0,294.0,-366.0
1622.0,304.0,-363.0
1626.0,308.0,-326.0
1642.0,334.0,-334.0
1650.0,334.0,-330.0
1648.0,348.0,-326.0
1648.0,356.0,-298.0
1644.0,360.0,-305.0
1674.0,380.0,-279.0
1662.0,388.0,-306.0
1650.0,392.0,-294.0
1664.0,414.0,-283.0
1654.0,442.0,-274.0
1658.0,440.0,-283.0
1652.0,460.0,-253.0
1632.0,480.0,-272.0
1646.0,494.0,-244.0
1640.0,498.0,-263.0
1644.0,514.0,-254.0
1638.0,534.0,-248.0
1620.0,526.0,-239.0
1628.0,530.0,-246.0
1608.0,542.0,-222.0
1618.0,566.0,-222.0
1620.0,592.0,-213.0
1618.0,588.0,-196.0
1610.0,608.0,-221.0
1620.0,590.0,-192.0
1610.0,618.0,-161.0
1594.0,638.0,-162.0
1616.0,644.0,-162.0
1608.0,640.0,-135.0
1610.0,666.0,-113.0
1620.0,660.0,-111.0
1604.0,676.0,-80.0
1576.0,686.0,-77.0
1580.0,688.0,-43.0
1602.0,688.0,3.0
1596.0,696.0,-28.0
1594.0,698.0,20.0
1594.0,692.0,31.0
1590.0,696.0,49.0
1584.0,708.0,82.0
1578.0,724.0,76.0
1574.0,706.0,110.0
1576.0,728.0,120.0
1576.0,720.0,115.0
1580.0,726.0,125.0
1576.0,732.0,147.0
1576.0,724.0,153.0
1564.0,728.0,176.0
1554.0,714.0,145.0
1560.0,732.0,211.0
1550.0,732.0,216.0
1544.0,732.0,215.0
1522.0,736.0,267.0
1516.0,740.0,273.0
1518.0,724.0,280.0
1488.0,754.0,309.0
1476.0,764.0,335.0
1476.0,754.0,348.0
1450.0,764.0,354.0
1442.0,758.0,359.0
1416.0,772.0,386.0
1414.0,780.0,395.0
1384.0,792.0,394.0
1368.0,794.0,432.0
1350.0,806.0,437.0
1324.0,802.0,437.0
1326.0,802.0,432.0
1306.0,824.0,466.0
1278.0,806.0,469.0
1252.0,816.0,491.0
1244.0,820.0,513.0
1224.0,830.0,504.0
1216.0,820.0,507.0
1204.0,824.0,519.0
1184.0,816.0,517.0
1174.0,824.0,531.0
1160.0,818.0,545.0
1136.0,822.0,538.0
1120.0,804.0,546.0
1096.0,814.0,571.0
1092.0,806.0,545.0
1070.0,808.0,570.0
1052.0,804.0,568.0
1044.0,810.0,579.0
1038.0,800.0,576.0
994.0,798.0,580.0
984.0,804.0,602.0
968.0,794.0,592.0
966.0,796.0,591.0
922.0,784.0,593.0
888.0,794.0,607.0
864.0,774.0,594.0
848.0,776.0,577.0
840.0,764.0,585.0
788.0,750.0,557.0
784.0,762.0,581.0
748.0,766.0,561.0
744.0,744.0,550.0
694.0,750.0,549.0
686.0,738.0,537.0
654.0,724.0,509.0
636.0,720.0,499.0
620.0,694.0,489.0
582.0,692.0,445.0
566.0,696.0,448.0
538.0,672.0,420.0
516.0,664.0,406.0
508.0,634.0,367.0
458.0,620.0,387.0
448.0,608.0,345.0
428.0,586.0,327.0
412.0,582.0,292.0
406.0,552.0,230.0
386.0,540.0,198.0
386.0,536.0,156.0
378.0,520.0,92.0
378.0,508.0,50.0
374.0,492.0,-11.0
374.0,500.0,-37.0
386.0,478.0,-69.0
396.0,498.0,-135.0
396.0,476.0,-148.0
418.0,480.0,-177.0
422.0,480.0,-219.0
440.0,496.0,-247.0
466.0,472.0,-279.0
472.0,486.0,-326.0
484.0,472.0,-334.0
514.0,482.0,-374.0
524.0,474.0,-395.0
540.0,452.0,-402.0
560.0,446.0,-436.0
584.0,434.0,-467.0
602.0,428.0,-493.0
622.0,412.0,-497.0
632.0,422.0,-520.0
652.0,418.0,-548.0
678.0,396.0,-584.0
1448.0,708.0,328.0
1440.0,714.0,357.0
1444.0,728.0,360.0
1428.0,722.0,360.0
1422.0,698.0,378.0
1390.0,706.0,404.0
1396.0,688.0,424.0
1384.0,708.0,424.0
1346.0,704.0,451.0
1334.0,716.0,475.0
1318.0,698.0,485.0
1308.0,704.0,509.0
1276.0,726.0,511.0
1268.0,716.0,526.0
1240.0,708.0,541.0
1218.0,726.0,548.0
1204.0,728.0,571.0
1162.0,718.0,576.0
1140.0,744.0,592.0
1104.0,750.0,592.0
1078.0,768.0,626.0
1042.0,764.0,617.0
996.0,744.0,619.0
962.0,772.0,623.0
950.0,782.0,609.0
910.0,784.0,615.0
884.0,782.0,601.0
862.0,798.0,591.0
848.0,798.0,589.0
824.0,780.0,576.0
792.0,794.0,558.0
750.0,804.0,540.0
726.0,812.0,542.0
714.0,804.0,517.0
682.0,814.0,499.0
672.0,810.0,489.0
644.0,812.0,449.0
604.0,812.0,407.0
602.0,820.0,413.0
566.0,792.0,382.0
558.0,796.0,361.0
538.0,784.0,334.0
510.0,764.0,304.0
488.0,752.0,292.0
470.0,746.0,239.0
454.0,722.0,197.0
446.0,702.0,180.0
432.0,688.0,136.0
404.0,684.0,95.0
416.0,674.0,83.0
408.0,660.0,57.0
402.0,646.0,29.0
380.0,620.0,-9.0
398.0,612.0,-63.0
398.0,576.0,-88.0
394.0,570.0,-141.0
396.0,544.0,-161.0
404.0,532.0,-174.0
416.0,522.0,-200.0
406.0,494.0,-232.0
430.0,480.0,-266.0
438.0,458.0,-283.0
448.0,440.0,-299.0
448.0,430.0,-339.0
464.0,400.0,-356.0
486.0,370.0,-357.0
484.0,352.0,-405.0
496.0,344.0,-418.0
512.0,324.0,-389.0
528.0,298.0,-447.0
538.0,296.0,-443.0
546.0,262.0,-460.0
572.0,270.0,-476.0
578.0,252.0,-502.0
594.0,236.0,-491.0
610.0,218.0,-538.0
630.0,220.0,-562.0
668.0,210.0,-578.0
688.0,222.0,-577.0
722.0,220.0,-588.0
740.0,230.0,-584.0
760.0,244.0,-613.0
790.0,248.0,-659.0
794.0,264.0,-628.0
814.0,272.0,-625.0
826.0,276.0,-646.0
826.0,302.0,-644.0
836.0,320.0,-658.0
844.0,320.0,-639.0
836.0,342.0,-652.0
836.0,354.0,-647.0
846.0,372.0,-637.0
840.0,382.0,-643.0
834.0,392.0,-641.0
840.0,410.0,-630.0
842.0,418.0,-626.0
830.0,444.0,-611.0
832.0,460.0,-600.0
844.0,458.0,-607.0
828.0,496.0,-625.0
824.0,504.0,-581.0
838.0,526.0,-587.0
826.0,542.0,-570.0
806.0,580.0,-574.0
812.0,586.0,-583.0
800.0,588.0,-553.0
794.0,598.0,-541.0
794.0,602.0,-532.0
770.0,604.0,-550.0
766.0,598.0,-500.0
762.0,596.0,-485.0
728.0,602.0,-495.0
728.0,606.0,-492.0
714.0,592.0,-499.0
706.0,582.0,-496.0
680.0,586.0,-473.0
690.0,568.0,-473.0
664.0,532.0,-492.0
648.0,522.0,-477.0
658.0,510.0,-462.0
644.0,486.0,-462.0
636.0,456.0,-456.0
626.0,412.0,-442.0
624.0,382.0,-446.0
612.0,354.0,-460.0
612.0,306.0,-457.0
622.0,264.0,-449.0
622.0,228.0,-469.0
646.0,190.0,-459.0
652.0,166.0,-487.0
676.0,152.0,-462.0
688.0,120.0,-462.0
698.0,92.0,-475.0
718.0,66.0,-491.0
760.0,32.0,-486.0
770.0,30.0,-462.0
802.0,-40.0,-481.0
808.0,-44.0,-481.0
832.0,-54.0,-487.0
852.0,-82.0,-484.0
880.0,-88.0,-475.0
896.0,-106.0,-459.0
932.0,-134.0,-455.0
954.0,-146.0,-460.0
974.0,-146.0,-449.0
1020.0,-164.0,-447.0
1044.0,-172.0,-430.0
1098.0,-184.0,-445.0
1124.0,-178.0,-424.0
1168.0,-192.0,-459.0
1192.0,-162.0,-480.0
1212.0,-160.0,-441.0
1238.0,-142.0,-464.0
1270.0,-110.0,-471.0
1278.0,-106.0,-491.0
1298.0,-74.0,-514.0
1302.0,-68.0,-528.0
1322.0,-30.0,-509.0
1322.0,16.0,-555.0
1344.0,28.0,-541.0
1332.0,62.0,-558.0
1334.0,58.0,-568.0
1340.0,60.0,-540.0
1358.0,70.0,-558.0
1356.0,94.0,-579.0
1362.0,100.0,-542.0
1360.0,106.0,-557.0
1372.0,120.0,-566.0
1396.0,126.0,-546.0
1388.0,142.0,-548.0
1396.0,136.0,-556.0
1432.0,152.0,-517.0
1444.0,166.0,-525.0
1456.0,192.0,-523.0
1456.0,200.0,-520.0
1466.0,206.0,-517.0
1482.0,216.0,-493.0
1502.0,232.0,-484.0
1512.0,260.0,-485.0
1524.0,260.0,-469.0
1548.0,288.0,-429.0
1554.0,322.0,-411.0
1576.0,344.0,-409.0
1584.0,358.0,-391.0
1594.0,396.0,-340.0
1606.0,408.0,-340.0
1616.0,404.0,-306.0
1612.0,424.0,-308.0
1618.0,444.0,-311.0
1612.0,446.0,-268.0
1612.0,478.0,-241.0
1622.0,492.0,-231.0
1620.0,514.0,-212.0
1632.0,538.0,-192.0
1614.0,552.0,-181.0
1616.0,562.0,-170.0
1608.0,574.0,-152.0
1592.0,594.0,-158.0
1602.0,598.0,-127.0
1616.0,600.0,-120.0
1602.0,616.0,-105.0
1598.0,620.0,-111.0
1594.0,614.0,-86.0
1604.0,630.0,-28.0
1608.0,614.0,-3.0
1616.0,610.0,37.0
1616.0,604.0,46.0
1616.0,610.0,89.0
1610.0,606.0,96.0
1604.0,618.0,148.0
1600.0,612.0,162.0
1604.0,618.0,185.0
1572.0,608.0,206.0
1562.0,616.0,215.0
1560.0,622.0,249.0
1544.0,640.0,234.0
1540.0,616.0,249.0
1542.0,642.0,263.0
1514.0,638.0,292.0
1520.0,628.0,285.0
1522.0,650.0,299.0
1518.0,650.0,303.0
1496.0,618.0,317.0
1474.0,642.0,330.0
1476.0,630.0,318.0
1476.0,628.0,322.0
1476.0,630.0,368.0
1460.0,634.0,368.0
1468.0,640.0,376.0
1444.0,628.0,407.0
1436.0,624.0,411.0
1426.0,632.0,416.0
1410.0,632.0,431.0
1390.0,636.0,451.0
1380.0,616.0,474.0
1384.0,620.0,477.0
1364.0,606.0,491.0
1346.0,612.0,496.0
1344.0,612.0,492.0
1330.0,598.0,529.0
1304.0,600.0,561.0
1288.0,598.0,548.0
1266.0,584.0,566.0
1242.0,594.0,571.0
1222.0,590.0,586.0
1200.0,588.0,609.0
1186.0,598.0,601.0
1154.0,586.0,612.0
1144.0,580.0,636.0
1114.0,592.0,601.0
1098.0,598.0,623.0
1078.0,602.0,635.0
1052.0,602.0,635.0
1014.0,594.0,613.0
992.0,594.0,629.0
966.0,582.0,629.0
948.0,592.0,651.0
902.0,596.0,661.0
888.0,584.0,634.0
858.0,588.0,616.0
826.0,596.0,616.0
806.0,584.0,598.0
778.0,602.0,572.0
756.0,612.0,564.0
734.0,602.0,555.0
724.0,612.0,523.0
688.0,608.0,537.0
670.0,618.0,517.0
640.0,624.0,523.0
638.0,616.0,470.0
604.0,630.0,452.0
590.0,626.0,445.0
582.0,622.0,412.0
570.0,616.0,410.0
546.0,622.0,380.0
532.0,618.0,342.0
522.0,628.0,337.0
490.0,616.0,314.0
494.0,600.0,288.0
480.0,616.0,256.0
462.0,606.0,234.0
452.0,590.0,171.0
438.0,602.0,159.0
442.0,576.0,140.0
428.0,582.0,90.0
418.0,558.0,62.0
420.0,538.0,20.0
412.0,534.0,-9.0
404.0,528.0,-22.0
406.0,520.0,-85.0
412.0,510.0,-125.0
416.0,494.0,-130.0
420.0,474.0,-181.0
420.0,462.0,-193.0
430.0,452.0,-210.0
440.0,446.0,-228.0
442.0,448.0,-251.0
448.0,414.0,-269.0
450.0,400.0,-276.0
456.0,394.0,-312.0
466.0,376.0,-327.0
462.0,360.0,-334.0
490.0,346.0,-346.0
504.0,336.0,-350.0
520.0,326.0,-364.0
516.0,326.0,-393.0
526.0,326.0,-397.0
534.0,302.0,-440.0
556.0,286.0,-442.0
572.0,294.0,-446.0
578.0,300.0,-463.0
570.0,276.0,-456.0
596.0,292.0,-467.0
602.0,266.0,-469.0
598.0,266.0,-493.0
618.0,270.0,-471.0
610.0,272.0,-475.0
614.0,264.0,-489.0
618.0,256.0,-489.0
616.0,256.0,-493.0
630.0,262.0,-503.0
632.0,264.0,-511.0
628.0,284.0,-502.0
628.0,298.0,-506.0
646.0,292.0,-496.0
650.0,312.0,-499.0
666.0,308.0,-524.0
654.0,328.0,-538.0
648.0,336.0,-514.0
662.0,354.0,-548.0
676.0,352.0,-537.0
678.0,360.0,-554.0
668.0,354.0,-552.0
682.0,344.0,-528.0
660.0,344.0,-551.0
668.0,324.0,-530.0
672.0,314.0,-553.0
680.0,306.0,-562.0
694.0,308.0,-566.0
700.0,308.0,-540.0
702.0,310.0,-572.0
714.0,304.0,-569.0
706.0,310.0,-556.0
712.0,320.0,-578.0
728.0,302.0,-561.0
724.0,296.0,-588.0
734.0,304.0,-588.0
754.0,300.0,-574.0
752.0,286.0,-590.0
750.0,288.0,-600.0
762.0,264.0,-598.0
762.0,262.0,-600.0
776.0,260.0,-595.0
790.0,248.0,-622.0
786.0,226.0,-611.0
802.0,198.0,-605.0
824.0,188.0,-618.0
824.0,164.0,-643.0
850.0,148.0,-616.0
834.0,64.0,-580.0
870.0,20.0,-569.0
884.0,-2.0,-559.0
906.0,-56.0,-551.0
944.0,-72.0,-544.0
960.0,-102.0,-527.0
996.0,-94.0,-528.0
1010.0,-100.0,-531.0
1070.0,-130.0,-552.0
1096.0,-122.0,-541.0
1106.0,-130.0,-526.0
1152.0,-118.0,-541.0
1168.0,-128.0,-548.0
1226.0,-118.0,-542.0
1232.0,-106.0,-536.0
1260.0,-94.0,-537.0
1292.0,-82.0,-553.0
1312.0,-54.0,-535.0
1336.0,-46.0,-553.0
1362.0,-14.0,-524.0
1392.0,-12.0,-533.0
1390.0,14.0,-500.0
1414.0,18.0,-508.0
1436.0,24.0,-503.0
1452.0,58.0,-494.0
1480.0,46.0,-501.0
1478.0,56.0,-479.0
1494.0,86.0,-513.0
1502.0,82.0,-473.0
1514.0,90.0,-480.0
1530.0,102.0,-456.0
1544.0,92.0,-441.0
1542.0,104.0,-456.0
1560.0,98.0,-408.0
1570.0,116.0,-425.0
1594.0,106.0,-404.0
1614.0,110.0,-384.0
1630.0,118.0,-339.0
1648.0,132.0,-319.0
1674.0,136.0,-270.0
1702.0,148.0,-235.0
1714.0,156.0,-180.0
1736.0,174.0,-118.0
1734.0,190.0,-97.0
1738.0,194.0,-39.0
1750.0,192.0,24.0
1762.0,204.0,64.0
1752.0,204.0,91.0
1744.0,226.0,149.0
1750.0,218.0,181.0
1766.0,218.0,202.0
1730.0,230.0,215.0
1736.0,240.0,258.0
1714.0,272.0,292.0
1710.0,266.0,329.0
1712.0,286.0,345.0
1692.0,282.0,349.0
1682.0,302.0,406.0
1690.0,302.0,430.0
1672.0,306.0,429.0
1666.0,312.0,459.0
1622.0,330.0,494.0
1600.0,330.0,523.0
1578.0,344.0,545.0
1546.0,352.0,579.0
1532.0,350.0,612.0
1494.0,388.0,618.0
1470.0,386.0,635.0
1424.0,402.0,656.0
1402.0,420.0,665.0
1378.0,430.0,697.0
1350.0,428.0,697.0
1318.0,446.0,703.0
1284.0,472.0,721.0
1240.0,480.0,738.0
1216.0,498.0,737.0
1174.0,500.0,750.0
1124.0,506.0,747.0
1104.0,510.0,738.0
1058.0,504.0,760.0
994.0,514.0,769.0
964.0,500.0,750.0
934.0,508.0,744.0
862.0,520.0,749.0
846.0,518.0,717.0
800.0,520.0,711.0
768.0,522.0,691.0
740.0,532.0,679.0
682.0,514.0,648.0
658.0,540.0,646.0
624.0,546.0,592.0
584.0,538.0,540.0
558.0,556.0,515.0
524.0,554.0,467.0
498.0,554.0,428.0
472.0,548.0,405.0
440.0,546.0,359.0
426.0,544.0,305.0
410.0,542.0,270.0
404.0,550.0,244.0
390.0,552.0,220.0
372.0,536.0,174.0
370.0,538.0,118.0
380.0,534.0,71.0
364.0,522.0,47.0
366.0,526.0,1.0
374.0,498.0,-51.0
380.0,492.0,-88.0
368.0,496.0,-131.0
378.0,456.0,-166.0
396.0,462.0,-199.0
408.0,456.0,-241.0
426.0,450.0,-249.0
422.0,448.0,-291.0
442.0,432.0,-324.0
456.0,434.0,-341.0
474.0,424.0,-359.0
480.0,412.0,-377.0
496.0,404.0,-385.0
496.0,394.0,-437.0
524.0,382.0,-453.0
546.0,378.0,-437.0
546.0,376.0,-459.0
578.0,368.0,-499.0
586.0,366.0,-480.0
592.0,368.0,-492.0
586.0,366.0,-504.0
622.0,366.0,-521.0
620.0,356.0,-536.0
626.0,358.0,-529.0
642.0,366.0,-513.0
650.0,354.0,-558.0
652.0,356.0,-536.0
648.0,362.0,-568.0
672.0,364.0,-556.0
664.0,362.0,-536.0
654.0,386.0,-547.0
654.0,382.0,-538.0
658.0,382.0,-532.0
634.0,386.0,-515.0
618.0,382.0,-510.0
608.0,396.0,-484.0
594.0,384.0,-492.0
580.0,384.0,-457.0
570.0,360.0,-448.0
548.0,360.0,-431.0
536.0,334.0,-409.0
534.0,310.0,-393.0
524.0,270.0,-403.0
544.0,236.0,-380.0
536.0,214.0,-379.0
544.0,170.0,-342.0
564.0,142.0,-380.0
564.0,84.0,-358.0
584.0,46.0,-336.0
584.0,4.0,-341.0
612.0,-56.0,-332.0
640.0,-102.0,-290.0
686.0,-138.0,-292.0
714.0,-194.0,-292.0
758.0,-220.0,-259.0
796.0,-268.0,-246.0
862.0,-304.0,-253.0
916.0,-318.0,-214.0
982.0,-338.0,-224.0
1038.0,-376.0,-189.0
1110.0,-364.0,-176.0
1160.0,-386.0,-170.0
1230.0,-364.0,-163.0
1276.0,-362.0,-130.0
1330.0,-340.0,-143.0
1378.0,-318.0,-116.0
1448.0,-310.0,-111.0
1494.0,-264.0,-151.0
1532.0,-238.0,-116.0
1556.0,-186.0,-113.0
1604.0,-154.0,-117.0
1626.0,-114.0,-139.0
1642.0,-44.0,-164.0
1668.0,-10.0,-175.0
1672.0,54.0,-183.0
1698.0,108.0,-190.0
1682.0,138.0,-220.0
1682.0,188.0,-217.0
1694.0,208.0,-249.0
1690.0,240.0,-252.0
1676.0,258.0,-245.0
1688.0,270.0,-254.0
1672.0,266.0,-279.0
1682.0,288.0,-289.0
1684.0,288.0,-271.0
1678.0,252.0,-276.0
1678.0,250.0,-238.0
1678.0,256.0,-232.0
1688.0,218.0,-208.0
1696.0,180.0,-210.0
1686.0,146.0,-217.0
1716.0,102.0,-175.0
1708.0,74.0,-130.0
1678.0,20.0,-134.0
1676.0,-26.0,-119.0
1658.0,-54.0,-77.0
1628.0,-104.0,-52.0
1622.0,-142.0,-47.0
1606.0,-168.0,-59.0
1586.0,-188.0,-29.0
1544.0,-214.0,-28.0
1536.0,-246.0,17.0
1494.0,-262.0,24.0
1486.0,-276.0,11.0
1460.0,-298.0,10.0
1446.0,-294.0,37.0
1410.0,-312.0,39.0
1386.0,-320.0,45.0
1366.0,-324.0,-9.0
1328.0,-350.0,24.0
1326.0,-350.0,1.0
1308.0,-352.0,-25.0
1300.0,-342.0,-33.0
1296.0,-358.0,-56.0
1300.0,-348.0,-64.0
1294.0,-356.0,-77.0
1282.0,-352.0,-91.0
1288.0,-346.0,-109.0
1262.0,-358.0,-112.0
1260.0,-354.0,-121.0
1248.0,-344.0,-169.0
1256.0,-348.0,-157.0
1236.0,-338.0,-144.0
1246.0,-328.0,-165.0
1220.0,-336.0,-164.0
1228.0,-338.0,-172.0
1240.0,-338.0,-173.0
1228.0,-342.0,-170.0
1238.0,-342.0,-162.0
1224.0,-350.0,-161.0
1230.0,-354.0,-142.0
1250.0,-346.0,-140.0
1258.0,-348.0,-119.0
1256.0,-344.0,-119.0
1260.0,-348.0,-92.0
1270.0,-344.0,-65.0
1284.0,-350.0,-85.0
1284.0,-340.0,-59.0
1298.0,-352.0,-76.0
1298.0,-336.0,-43.0
1322.0,-340.0,-62.0
1312.0,-346.0,-35.0
1314.0,-340.0,-12.0
1322.0,-330.0,-17.0
1324.0,-336.0,-18.0
1338.0,-330.0,31.0
1328.0,-324.0,48.0
1350.0,-316.0,64.0
1344.0,-326.0,72.0
1342.0,-324.0,111.0
1346.0,-340.0,118.0
1330.0,-322.0,133.0
1342.0,-310.0,151.0
1342.0,-320.0,147.0
1336.0,-316.0,192.0
1320.0,-316.0,217.0
1308.0,-324.0,238.0
1312.0,-320.0,267.0
1296.0,-308.0,271.0
1282.0,-316.0,294.0
1282.0,-314.0,352.0
1258.0,-312.0,346.0
1240.0,-290.0,360.0
1230.0,-292.0,378.0
1220.0,-284.0,413.0
1170.0,-284.0,412.0
1168.0,-276.0,452.0
1142.0,-272.0,448.0
1104.0,-274.0,466.0
1080.0,-248.0,469.0
1054.0,-242.0,478.0
1004.0,-256.0,503.0
990.0,-234.0,510.0
960.0,-244.0,478.0
938.0,-240.0,513.0
892.0,-238.0,491.0
870.0,-238.0,456.0
842.0,-220.0,474.0
818.0,-230.0,453.0
794.0,-218.0,423.0
766.0,-234.0,405.0
718.0,-218.0,368.0
704.0,-220.0,358.0
678.0,-214.0,318.0
648.0,-208.0,291.0
624.0,-214.0,223.0
612.0,-218.0,210.0
592.0,-200.0,176.0
580.0,-200.0,150.0
574.0,-214.0,137.0
566.0,-216.0,84.0
576.0,-220.0,31.0
576.0,-212.0,5.0
574.0,-200.0,-32.0
592.0,-212.0,-41.0
576.0,-216.0,-51.0
562.0,-206.0,-86.0
584.0,-208.0,-81.0
588.0,-200.0,-103.0
582.0,-192.0,-110.0
576.0,-212.0,-133.0
604.0,-206.0,-150.0
612.0,-220.0,-172.0
614.0,-218.0,-173.0
628.0,-224.0,-195.0
644.0,-236.0,-211.0
648.0,-230.0,-191.0
662.0,-256.0,-214.0
680.0,-254.0,-234.0
700.0,-258.0,-225.0
728.0,-262.0,-257.0
748.0,-270.0,-253.0
762.0,-276.0,-270.0
776.0,-290.0,-265.0
806.0,-298.0,-288.0
812.0,-300.0,-284.0
840.0,-298.0,-278.0
834.0,-308.0,-290.0
848.0,-320.0,-298.0
862.0,-336.0,-277.0
884.0,-338.0,-255.0
890.0,-346.0,-251.0
884.0,-342.0,-224.0
916.0,-366.0,-233.0
912.0,-360.0,-224.0
930.0,-376.0,-204.0
934.0,-376.0,-220.0
946.0,-384.0,-198.0
948.0,-404.0,-212.0
960.0,-404.0,-170.0
970.0,-408.0,-171.0
960.0,-394.0,-155.0
982.0,-402.0,-135.0
972.0,-406.0,-119.0
974.0,-426.0,-105.0
976.0,-424.0,-115.0
984.0,-424.0,-94.0
1544.0,744.0,-81.0
1538.0,762.0,-66.0
1572.0,742.0,-2.0
1558.0,758.0,0.0
1578.0,728.0,59.0
1558.0,732.0,72.0
1568.0,742.0,104.0
1578.0,724.0,118.0
1562.0,732.0,131.0
1554.0,730.0,165.0
1536.0,732.0,194.0
1558.0,718.0,200.0
1540.0,724.0,202.0
1552.0,706.0,268.0
1540.0,706.0,259.0
1534.0,686.0,288.0
1530.0,682.0,321.0
1514.0,672.0,312.0
1524.0,664.0,346.0
1498.0,664.0,388.0
1492.0,650.0,398.0
1514.0,662.0,398.0
1494.0,644.0,429.0
1466.0,644.0,423.0
1468.0,648.0,443.0
1466.0,638.0,446.0
1450.0,638.0,452.0
1434.0,612.0,474.0
1428.0,636.0,478.0
1428.0,624.0,494.0
1432.0,618.0,488.0
1402.0,638.0,500.0
1412.0,642.0,521.0
1394.0,634.0,523.0
1382.0,636.0,526.0
1360.0,620.0,537.0
1348.0,614.0,550.0
1328.0,622.0,568.0
1326.0,604.0,602.0
1306.0,620.0,579.0
1296.0,628.0,603.0
1264.0,612.0,601.0
1256.0,636.0,616.0
1246.0,648.0,598.0
1210.0,672.0,599.0
1188.0,654.0,632.0
1158.0,656.0,630.0
1140.0,684.0,626.0
1114.0,688.0,616.0
1088.0,694.0,635.0
1062.0,708.0,622.0
1046.0,720.0,635.0
1004.0,728.0,632.0
978.0,718.0,620.0
952.0,738.0,608.0
906.0,746.0,598.0
922.0,740.0,631.0
886.0,768.0,580.0
856.0,756.0,587.0
828.0,748.0,579.0
806.0,746.0,592.0
768.0,760.0,580.0
742.0,748.0,565.0
702.0,742.0,543.0
684.0,740.0,526.0
656.0,728.0,494.0
604.0,728.0,458.0
574.0,716.0,440.0
552.0,700.0,429.0
522.0,702.0,381.0
506.0,682.0,333.0
480.0,680.0,323.0
452.0,660.0,274.0
428.0,656.0,240.0
414.0,642.0,202.0
408.0,626.0,162.0
386.0,604.0,138.0
378.0,582.0,92.0
370.0,544.0,77.0
360.0,498.0,55.0
356.0,454.0,19.0
346.0,410.0,7.0
342.0,370.0,-31.0
354.0,344.0,-90.0
340.0,276.0,-60.0
358.0,240.0,-96.0
386.0,204.0,-131.0
392.0,170.0,-174.0
404.0,118.0,-188.0
438.0,104.0,-213.0
462.0,64.0,-230.0
470.0,56.0,-256.0
492.0,28.0,-287.0
514.0,18.0,-339.0
558.0,-14.0,-335.0
572.0,-36.0,-345.0
618.0,-52.0,-378.0
630.0,-58.0,-385.0
670.0,-70.0,-423.0
698.0,-86.0,-447.0
724.0,-94.0,-445.0
754.0,-104.0,-457.0
774.0,-98.0,-465.0
792.0,-90.0,-486.0
836.0,-114.0,-496.0
854.0,-106.0,-521.0
880.0,-100.0,-537.0
910.0,-98.0,-551.0
936.0,-80.0,-536.0
962.0,-72.0,-557.0
970.0,-66.0,-583.0
1004.0,-46.0,-576.0
1030.0,-18.0,-595.0
1026.0,-16.0,-599.0
1062.0,22.0,-622.0
1060.0,24.0,-619.0
1066.0,42.0,-621.0
1078.0,60.0,-623.0
1094.0,86.0,-625.0
1090.0,104.0,-653.0
1078.0,118.0,-634.0
1086.0,136.0,-654.0
1096.0,180.0,-639.0
1088.0,202.0,-649.0
1072.0,216.0,-652.0
1070.0,248.0,-651.0
1056.0,268.0,-642.0
1050.0,314.0,-660.0
1050.0,332.0,-647.0
1004.0,364.0,-663.0
1000.0,370.0,-652.0
988.0,384.0,-648.0
974.0,406.0,-621.0
974.0,434.0,-633.0
956.0,446.0,-626.0
940.0,466.0,-623.0
926.0,478.0,-629.0
902.0,500.0,-605.0
868.0,498.0,-588.0
854.0,530.0,-585.0
842.0,548.0,-575.0
806.0,552.0,-557.0
794.0,570.0,-515.0
756.0,584.0,-503.0
722.0,594.0,-495.0
696.0,588.0,-479.0
666.0,586.0,-463.0
666.0,566.0,-427.0
644.0,566.0,-434.0
614.0,530.0,-399.0
588.0,504.0,-419.0
584.0,498.0,-405.0
584.0,454.0,-426.0
574.0,424.0,-416.0
570.0,376.0,-401.0
566.0,338.0,-442.0
582.0,282.0,-416.0
594.0,232.0,-426.0
608.0,176.0,-434.0
638.0,144.0,-439.0
640.0,104.0,-438.0
670.0,74.0,-445.0
708.0,34.0,-426.0
746.0,-34.0,-466.0
778.0,-56.0,-471.0
790.0,-80.0,-462.0
838.0,-92.0,-473.0
876.0,-120.0,-469.0
902.0,-124.0,-479.0
954.0,-136.0,-509.0
976.0,-138.0,-488.0
1018.0,-130.0,-484.0
1046.0,-140.0,-509.0
1076.0,-132.0,-514.0
1118.0,-114.0,-531.0
1144.0,-100.0,-515.0
1178.0,-102.0,-517.0
1188.0,-70.0,-536.0
1238.0,-88.0,-535.0
1254.0,-50.0,-521.0
1268.0,-42.0,-533.0
1302.0,-44.0,-536.0
1304.0,-38.0,-524.0
1326.0,-38.0,-528.0
1338.0,12.0,-534.0
1382.0,18.0,-542.0
1412.0,24.0,-527.0
1424.0,28.0,-496.0
1450.0,32.0,-456.0
1474.0,30.0,-452.0
1496.0,48.0,-468.0
1516.0,42.0,-410.0
1546.0,52.0,-415.0
1560.0,64.0,-402.0
1578.0,66.0,-366.0
1590.0,80.0,-349.0
1610.0,82.0,-346.0
1638.0,90.0,-313.0
1646.0,84.0,-281.0
1668.0,106.0,-238.0
1682.0,102.0,-215.0
1682.0,116.0,-189.0
1698.0,138.0,-178.0
1718.0,130.0,-152.0
1718.0,150.0,-102.0
1732.0,160.0,-101.0
1750.0,166.0,-80.0
1734.0,184.0,-53.0
1746.0,170.0,-21.0
1756.0,194.0,-10.0
1758.0,196.0,9.0
1752.0,214.0,36.0
1752.0,198.0,58.0
1764.0,214.0,75.0
1778.0,216.0,92.0
1772.0,212.0,122.0
1760.0,222.0,141.0
1762.0,208.0,156.0
1764.0,210.0,190.0
1764.0,216.0,182.0
1752.0,222.0,212.0
1762.0,210.0,238.0
1770.0,218.0,246.0
1756.0,224.0,226.0
1752.0,242.0,264.0
1746.0,238.0,243.0
1744.0,272.0,234.0
1748.0,262.0,243.0
1756.0,272.0,256.0
1750.0,302.0,248.0
1760.0,312.0,237.0
1746.0,316.0,231.0
1752.0,342.0,232.0
1762.0,354.0,214.0
1748.0,368.0,205.0
1752.0,378.0,206.0
1750.0,388.0,206.0
1744.0,388.0,200.0
1752.0,398.0,184.0
1746.0,412.0,202.0
1736.0,420.0,195.0
1740.0,420.0,202.0
1738.0,448.0,189.0
1736.0,436.0,182.0
1730.0,452.0,167.0
1722.0,456.0,144.0
1736.0,472.0,129.0
1718.0,476.0,108.0
1714.0,494.0,97.0
1706.0,516.0,84.0
1704.0,530.0,59.0
1688.0,532.0,74.0
1686.0,568.0,32.0
1664.0,580.0,27.0
1642.0,568.0,10.0
1632.0,612.0,-12.0
1622.0,632.0,-33.0
1626.0,646.0,-35.0
1608.0,662.0,-48.0
1598.0,668.0,-59.0
1566.0,672.0,-85.0
1550.0,702.0,-60.0
1536.0,722.0,-82.0
1506.0,732.0,-84.0
1500.0,746.0,-91.0
1490.0,744.0,-93.0
1466.0,746.0,-96.0
1468.0,748.0,-122.0
1428.0,760.0,-149.0
1420.0,790.0,-159.0
1394.0,782.0,-163.0
1378.0,782.0,-168.0
1370.0,782.0,-193.0
1360.0,788.0,-212.0
1350.0,776.0,-216.0
1364.0,778.0,-207.0
1334.0,774.0,-230.0
1340.0,774.0,-218.0
1330.0,782.0,-215.0
1336.0,778.0,-214.0
1322.0,786.0,-191.0
1316.0,790.0,-190.0
1304.0,794.0,-177.0
1316.0,816.0,-124.0
1304.0,824.0,-138.0
1320.0,824.0,-157.0
1314.0,840.0,-127.0
1308.0,832.0,-103.0
1294.0,848.0,-71.0
1288.0,840.0,-83.0
1276.0,832.0,-62.0
1274.0,856.0,-32.0
1260.0,878.0,-45.0
1252.0,884.0,10.0
1240.0,884.0,29.0
1230.0,898.0,21.0
1208.0,918.0,39.0
1196.0,910.0,71.0
1188.0,912.0,71.0
1166.0,928.0,99.0
1160.0,942.0,113.0
1154.0,952.0,121.0
1126.0,958.0,140.0
1102.0,966.0,153.0
1082.0,952.0,165.0
1054.0,960.0,177.0
1010.0,962.0,188.0
1002.0,960.0,212.0
966.0,968.0,211.0
956.0,966.0,239.0
940.0,980.0,268.0
916.0,984.0,260.0
920.0,952.0,302.0
888.0,954.0,300.0
868.0,936.0,321.0
846.0,946.0,350.0
824.0,928.0,364.0
804.0,922.0,378.0
782.0,914.0,384.0
766.0,896.0,396.0
736.0,884.0,421.0
728.0,864.0,415.0
714.0,862.0,447.0
672.0,836.0,428.0
664.0,828.0,431.0
650.0,814.0,446.0
606.0,798.0,428.0
590.0,790.0,412.0
568.0,780.0,421.0
1268.0,-214.0,-426.0
1260.0,-200.0,-443.0
1260.0,-214.0,-438.0
1244.0,-204.0,-425.0
1242.0,-194.0,-435.0
1230.0,-198.0,-464.0
1224.0,-190.0,-436.0
1214.0,-190.0,-460.0
1206.0,-192.0,-473.0
1194.0,-186.0,-457.0
1180.0,-190.0,-479.0
1170.0,-166.0,-501.0
1162.0,-158.0,-475.0
1150.0,-162.0,-490.0
1136.0,-156.0,-482.0
1126.0,-158.0,-497.0
1096.0,-166.0,-502.0
1090.0,-146.0,-480.0
1068.0,-144.0,-507.0
1040.0,-138.0,-533.0
1026.0,-124.0,-531.0
1010.0,-114.0,-493.0
994.0,-100.0,-540.0
978.0,-96.0,-506.0
960.0,-84.0,-540.0
936.0,-78.0,-534.0
910.0,-66.0,-559.0
918.0,-66.0,-532.0
904.0,-66.0,-534.0
902.0,-44.0,-538.0
892.0,-28.0,-548.0
876.0,-38.0,-542.0
878.0,4.0,-560.0
874.0,22.0,-567.0
868.0,32.0,-558.0
884.0,32.0,-553.0
882.0,40.0,-578.0
882.0,52.0,-579.0
868.0,52.0,-561.0
892.0,74.0,-582.0
890.0,74.0,-577.0
898.0,84.0,-618.0
902.0,100.0,-582.0
906.0,104.0,-602.0
902.0,112.0,-621.0
902.0,78.0,-602.0
892.0,98.0,-609.0
896.0,90.0,-613.0
914.0,70.0,-588.0
900.0,68.0,-615.0
892.0,56.0,-565.0
898.0,34.0,-572.0
900.0,20.0,-577.0
906.0,14.0,-556.0
904.0,-32.0,-543.0
890.0,-42.0,-536.0
912.0,-52.0,-524.0
902.0,-58.0,-555.0
928.0,-70.0,-535.0
932.0,-102.0,-541.0
914.0,-108.0,-508.0
942.0,-120.0,-542.0
930.0,-126.0,-511.0
956.0,-122.0,-506.0
970.0,-120.0,-494.0
966.0,-132.0,-507.0
954.0,-136.0,-517.0
962.0,-140.0,-503.0
966.0,-146.0,-501.0
970.0,-146.0,-506.0
976.0,-140.0,-514.0
988.0,-150.0,-510.0
998.0,-164.0,-511.0
974.0,-158.0,-498.0
972.0,-170.0,-482.0
976.0,-158.0,-488.0
990.0,-166.0,-487.0
980.0,-158.0,-479.0
980.0,-180.0,-473.0
980.0,-186.0,-465.0
984.0,-184.0,-468.0
990.0,-178.0,-480.0
972.0,-192.0,-474.0
982.0,-188.0,-455.0
1010.0,-184.0,-474.0
992.0,-188.0,-466.0
1002.0,-194.0,-469.0
988.0,-190.0,-446.0
994.0,-194.0,-477.0
976.0,-200.0,-478.0
972.0,-196.0,-440.0
966.0,-212.0,-454.0
946.0,-222.0,-456.0
954.0,-216.0,-439.0
940.0,-218.0,-456.0
946.0,-224.0,-421.0
924.0,-222.0,-404.0
926.0,-228.0,-404.0
920.0,-240.0,-398.0
910.0,-224.0,-392.0
898.0,-226.0,-394.0
892.0,-226.0,-385.0
876.0,-220.0,-416.0
890.0,-212.0,-415.0
876.0,-212.0,-446.0
866.0,-200.0,-423.0
862.0,-210.0,-432.0
850.0,-210.0,-432.0
862.0,-214.0,-441.0
864.0,-206.0,-438.0
868.0,-202.0,-419.0
876.0,-214.0,-413.0
870.0,-214.0,-414.0
860.0,-224.0,-399.0
866.0,-230.0,-402.0
874.0,-228.0,-399.0
864.0,-224.0,-429.0
862.0,-226.0,-408.0
866.0,-224.0,-397.0
864.0,-230.0,-411.0
856.0,-210.0,-406.0
852.0,-218.0,-387.0
856.0,-212.0,-385.0
854.0,-202.0,-404.0
858.0,-190.0,-422.0
840.0,-180.0,-407.0
842.0,-190.0,-433.0
842.0,-188.0,-426.0
830.0,-198.0,-413.0
834.0,-178.0,-426.0
828.0,-176.0,-423.0
830.0,-178.0,-439.0
834.0,-182.0,-417.0
832.0,-198.0,-416.0
848.0,-184.0,-400.0
846.0,-206.0,-384.0
846.0,-202.0,-389.0
834.0,-198.0,-400.0
852.0,-198.0,-399.0
846.0,-220.0,-382.0
848.0,-218.0,-415.0
850.0,-206.0,-392.0
852.0,-224.0,-364.0
858.0,-230.0,-391.0
860.0,-222.0,-396.0
860.0,-216.0,-364.0
836.0,-228.0,-379.0
858.0,-222.0,-377.0
842.0,-220.0,-380.0
850.0,-224.0,-372.0
848.0,-224.0,-389.0
838.0,-224.0,-376.0
836.0,-230.0,-377.0
850.0,-228.0,-371.0
842.0,-216.0,-373.0
850.0,-238.0,-374.0
854.0,-220.0,-378.0
870.0,-234.0,-382.0
854.0,-238.0,-372.0
876.0,-232.0,-366.0
870.0,-218.0,-388.0
866.0,-230.0,-372.0
880.0,-230.0,-383.0
894.0,-240.0,-404.0
906.0,-240.0,-384.0
904.0,-250.0,-369.0
902.0,-250.0,-382.0
916.0,-256.0,-373.0
904.0,-242.0,-370.0
908.0,-244.0,-366.0
900.0,-256.0,-364.0
904.0,-266.0,-376.0
900.0,-274.0,-372.0
906.0,-270.0,-354.0
916.0,-280.0,-369.0
914.0,-268.0,-338.0
924.0,-278.0,-330.0
928.0,-286.0,-349.0
910.0,-288.0,-332.0
906.0,-292.0,-338.0
912.0,-282.0,-355.0
936.0,-292.0,-341.0
918.0,-290.0,-331.0
932.0,-292.0,-353.0
924.0,-304.0,-344.0
920.0,-282.0,-329.0
930.0,-290.0,-344.0
928.0,-298.0,-320.0
922.0,-290.0,-338.0
932.0,-292.0,-350.0
944.0,-282.0,-367.0
926.0,-274.0,-343.0
920.0,-294.0,-382.0
920.0,-292.0,-349.0
924.0,-282.0,-364.0
960.0,-272.0,-372.0
936.0,-276.0,-371.0
942.0,-292.0,-375.0
956.0,-292.0,-367.0
956.0,-284.0,-344.0
956.0,-294.0,-373.0
970.0,-298.0,-355.0
972.0,-300.0,-358.0
980.0,-298.0,-340.0
988.0,-304.0,-375.0
984.0,-310.0,-350.0
1002.0,-326.0,-338.0
994.0,-304.0,-355.0
988.0,-304.0,-354.0
992.0,-304.0,-350.0
994.0,-308.0,-347.0
1012.0,-304.0,-338.0
992.0,-304.0,-345.0
1006.0,-300.0,-362.0
1006.0,-306.0,-341.0
1006.0,-318.0,-341.0
1000.0,-324.0,-358.0
1000.0,-320.0,-356.0
1016.0,-326.0,-314.0
1032.0,-308.0,-350.0
1028.0,-316.0,-347.0
1024.0,-312.0,-355.0
1022.0,-312.0,-346.0
1028.0,-294.0,-341.0
1006.0,-312.0,-354.0
1004.0,-294.0,-348.0
1012.0,-306.0,-375.0
998.0,-286.0,-371.0
1018.0,-296.0,-380.0
1000.0,-292.0,-365.0
996.0,-272.0,-386.0
994.0,-284.0,-382.0
986.0,-292.0,-398.0
988.0,-296.0,-366.0
982.0,-288.0,-382.0
994.0,-286.0,-405.0
992.0,-280.0,-374.0
988.0,-282.0,-398.0
994.0,-280.0,-392.0
1000.0,-290.0,-381.0
1016.0,-272.0,-365.0
988.0,-260.0,-392.0
992.0,-264.0,-392.0
994.0,-266.0,-400.0
1006.0,-270.0,-415.0
1006.0,-262.0,-391.0
1020.0,-270.0,-405.0
1022.0,-258.0,-397.0
1014.0,-258.0,-422.0
1006.0,-248.0,-434.0
1008.0,-228.0,-430.0
1028.0,-254.0,-420.0
1028.0,-226.0,-426.0
1020.0,-230.0,-451.0
1038.0,-222.0,-468.0
1030.0,-208.0,-461.0
1030.0,-214.0,-468.0
1046.0,-192.0,-472.0
1044.0,-190.0,-456.0
1062.0,-196.0,-493.0
1038.0,-182.0,-499.0
1056.0,-174.0,-497.0
1044.0,-182.0,-494.0
1052.0,-158.0,-496.0
1044.0,-148.0,-480.0
1040.0,-158.0,-523.0
1040.0,-176.0,-508.0
1052.0,-156.0,-521.0
1048.0,-154.0,-529.0
1044.0,-166.0,-511.0
1060.0,-158.0,-527.0
1068.0,-138.0,-546.0
1056.0,-134.0,-538.0
1068.0,-162.0,-530.0
1064.0,-154.0,-523.0
1070.0,-168.0,-515.0
1086.0,-150.0,-519.0
1068.0,-158.0,-526.0
1060.0,-164.0,-513.0
1070.0,-160.0,-515.0
1058.0,-168.0,-500.0
1072.0,-160.0,-514.0
1076.0,-160.0,-511.0
1068.0,-164.0,-497.0
1066.0,-178.0,-505.0
1060.0,-188.0,-506.0
1078.0,-168.0,-502.0
1066.0,-184.0,-501.0
1080.0,-170.0,-501.0
1080.0,-178.0,-521.0
1074.0,-156.0,-516.0
1148.0,-308.0,-381.0
1158.0,-284.0,-363.0
1178.0,-282.0,-359.0
1170.0,-282.0,-381.0
1184.0,-264.0,-375.0
1188.0,-270.0,-376.0
1186.0,-274.0,-397.0
1192.0,-282.0,-350.0
1210.0,-280.0,-362.0
1218.0,-290.0,-355.0
1210.0,-286.0,-355.0
1218.0,-282.0,-363.0
1222.0,-278.0,-369.0
1244.0,-262.0,-344.0
1244.0,-280.0,-355.0
1246.0,-270.0,-360.0
1244.0,-260.0,-379.0
1252.0,-264.0,-345.0
1264.0,-268.0,-369.0
1262.0,-262.0,-363.0
1260.0,-264.0,-379.0
1268.0,-258.0,-372.0
1272.0,-236.0,-348.0
1272.0,-272.0,-345.0
1258.0,-268.0,-339.0
1264.0,-286.0,-335.0
1270.0,-288.0,-331.0
1264.0,-278.0,-336.0
1274.0,-286.0,-324.0
1266.0,-296.0,-304.0
1276.0,-292.0,-294.0
1300.0,-296.0,-283.0
1314.0,-300.0,-265.0
1322.0,-300.0,-249.0
1332.0,-322.0,-240.0
1346.0,-316.0,-219.0
1366.0,-308.0,-220.0
1364.0,-302.0,-217.0
1396.0,-304.0,-163.0
1412.0,-314.0,-177.0
1418.0,-308.0,-160.0
1454.0,-294.0,-157.0
1466.0,-278.0,-109.0
1482.0,-258.0,-99.0
1492.0,-248.0,-106.0
1512.0,-254.0,-84.0
1542.0,-222.0,-87.0
1576.0,-214.0,-55.0
1596.0,-180.0,-57.0
1608.0,-158.0,-18.0
1628.0,-130.0,-6.0
1650.0,-124.0,-14.0
1668.0,-88.0,-4.0
1684.0,-58.0,31.0
1700.0,-46.0,40.0
1708.0,-8.0,46.0
1704.0,36.0,54.0
1732.0,66.0,57.0
1728.0,78.0,60.0
1750.0,98.0,61.0
1754.0,126.0,87.0
1752.0,156.0,97.0
1758.0,176.0,74.0
1732.0,212.0,103.0
1752.0,234.0,106.0
1762.0,266.0,90.0
1742.0,308.0,107.0
1750.0,342.0,90.0
1748.0,370.0,96.0
1724.0,386.0,100.0
1748.0,418.0,106.0
1722.0,428.0,109.0
1724.0,458.0,105.0
1726.0,472.0,121.0
1724.0,488.0,107.0
1722.0,510.0,129.0
1702.0,504.0,106.0
1684.0,536.0,133.0
1700.0,528.0,134.0
1668.0,552.0,147.0
1696.0,548.0,192.0
1686.0,572.0,196.0
1670.0,550.0,216.0
1674.0,554.0,202.0
1670.0,560.0,256.0
1662.0,564.0,260.0
1668.0,554.0,296.0
1654.0,546.0,338.0
1636.0,554.0,345.0
1622.0,544.0,367.0
1620.0,538.0,417.0
1600.0,532.0,455.0
1600.0,508.0,512.0
1562.0,482.0,521.0
1554.0,468.0,575.0
1522.0,448.0,566.0
1488.0,432.0,611.0
1464.0,402.0,634.0
1446.0,388.0,670.0
1432.0,370.0,691.0
1404.0,358.0,698.0
1392.0,366.0,703.0
1358.0,332.0,731.0
1348.0,314.0,711.0
1324.0,290.0,740.0
1302.0,296.0,750.0
1292.0,250.0,739.0
1278.0,234.0,764.0
1262.0,216.0,767.0
1224.0,198.0,794.0
1210.0,180.0,758.0
1176.0,152.0,789.0
1166.0,118.0,768.0
1140.0,114.0,767.0
1108.0,98.0,775.0
1078.0,72.0,754.0
1046.0,58.0,769.0
1010.0,50.0,736.0
978.0,42.0,779.0
932.0,30.0,738.0
904.0,34.0,702.0
864.0,24.0,710.0
814.0,0.0,704.0
796.0,-10.0,688.0
768.0,-10.0,660.0
736.0,2.0,638.0
704.0,-48.0,613.0
662.0,-40.0,587.0
630.0,-38.0,545.0
606.0,-44.0,551.0
580.0,-36.0,512.0
556.0,-46.0,455.0
534.0,-48.0,429.0
524.0,-46.0,415.0
506.0,-60.0,395.0
478.0,-62.0,362.0
488.0,-60.0,321.0
464.0,-80.0,320.0
470.0,-82.0,278.0
450.0,-72.0,237.0
458.0,-80.0,207.0
448.0,-78.0,165.0
444.0,-90.0,137.0
448.0,-96.0,72.0
424.0,-76.0,37.0
442.0,-92.0,-7.0
456.0,-72.0,-29.0
456.0,-94.0,-99.0
476.0,-88.0,-119.0
472.0,-84.0,-157.0
494.0,-92.0,-207.0
504.0,-92.0,-239.0
536.0,-88.0,-269.0
558.0,-92.0,-301.0
562.0,-84.0,-316.0
588.0,-96.0,-353.0
598.0,-104.0,-394.0
616.0,-58.0,-428.0
630.0,-64.0,-458.0
662.0,-44.0,-474.0
672.0,-38.0,-483.0
716.0,-36.0,-519.0
746.0,-18.0,-526.0
752.0,8.0,-577.0
780.0,24.0,-572.0
806.0,44.0,-604.0
836.0,64.0,-609.0
848.0,86.0,-614.0
872.0,84.0,-655.0
878.0,124.0,-649.0
892.0,140.0,-673.0
906.0,170.0,-651.0
934.0,198.0,-678.0
960.0,210.0,-674.0
964.0,242.0,-694.0
976.0,264.0,-684.0
980.0,276.0,-681.0
998.0,298.0,-717.0
982.0,326.0,-685.0
998.0,350.0,-690.0
988.0,368.0,-695.0
984.0,386.0,-664.0
982.0,408.0,-679.0
980.0,408.0,-686.0
964.0,414.0,-693.0
956.0,434.0,-668.0
944.0,414.0,-674.0
944.0,424.0,-653.0
936.0,426.0,-676.0
950.0,426.0,-681.0
954.0,400.0,-662.0
960.0,368.0,-694.0
962.0,368.0,-671.0
974.0,346.0,-672.0
1002.0,322.0,-702.0
1020.0,312.0,-676.0
1044.0,292.0,-694.0
1044.0,300.0,-683.0
1058.0,278.0,-687.0
1102.0,276.0,-671.0
1116.0,282.0,-674.0
1126.0,258.0,-681.0
1156.0,252.0,-690.0
1184.0,254.0,-681.0
1216.0,246.0,-669.0
1226.0,246.0,-682.0
1232.0,244.0,-671.0
1244.0,234.0,-650.0
1296.0,224.0,-655.0
1296.0,212.0,-626.0
1326.0,214.0,-640.0
1356.0,214.0,-617.0
1382.0,212.0,-605.0
1374.0,210.0,-593.0
1416.0,220.0,-578.0
1438.0,240.0,-557.0
1452.0,258.0,-540.0
1474.0,266.0,-538.0
1494.0,254.0,-511.0
1520.0,260.0,-489.0
1544.0,272.0,-474.0
1568.0,284.0,-446.0
1594.0,292.0,-449.0
1604.0,282.0,-407.0
1624.0,276.0,-400.0
1636.0,290.0,-356.0
1636.0,314.0,-348.0
1648.0,304.0,-320.0
1676.0,318.0,-311.0
1690.0,336.0,-289.0
1698.0,352.0,-240.0
1710.0,346.0,-201.0
1714.0,368.0,-187.0
1738.0,372.0,-150.0
1726.0,392.0,-140.0
1748.0,398.0,-106.0
1740.0,428.0,-60.0
1742.0,422.0,-2.0
1738.0,430.0,40.0
1746.0,450.0,45.0
1742.0,468.0,97.0
1736.0,466.0,103.0
1736.0,474.0,166.0
1722.0,490.0,204.0
1720.0,500.0,218.0
1726.0,496.0,261.0
1686.0,518.0,300.0
1670.0,534.0,335.0
1654.0,514.0,388.0
1644.0,518.0,411.0
1628.0,520.0,441.0
1622.0,514.0,484.0
1604.0,514.0,503.0
1556.0,518.0,545.0
1546.0,506.0,569.0
1504.0,506.0,604.0
1498.0,494.0,591.0
1476.0,496.0,629.0
1468.0,482.0,625.0
1436.0,488.0,673.0
1424.0,484.0,671.0
1400.0,480.0,711.0
1404.0,480.0,703.0
1366.0,494.0,721.0
1338.0,488.0,728.0
1300.0,490.0,750.0
1272.0,482.0,744.0
1256.0,462.0,756.0
1212.0,484.0,800.0
1188.0,460.0,787.0
1148.0,446.0,788.0
1130.0,446.0,787.0
1094.0,450.0,810.0
1046.0,438.0,802.0
1036.0,404.0,811.0
992.0,410.0,811.0
972.0,414.0,799.0
936.0,398.0,802.0
904.0,386.0,793.0
862.0,404.0,790.0
832.0,402.0,769.0
808.0,394.0,732.0
756.0,382.0,732.0
708.0,360.0,721.0
690.0,366.0,734.0
646.0,366.0,679.0
616.0,332.0,656.0
580.0,332.0,640.0
548.0,318.0,608.0
528.0,284.0,578.0
490.0,266.0,546.0
464.0,258.0,493.0
444.0,248.0,476.0
412.0,232.0,445.0
404.0,232.0,403.0
394.0,206.0,370.0
386.0,214.0,341.0
384.0,182.0,336.0
378.0,182.0,296.0
376.0,166.0,262.0
374.0,132.0,257.0
380.0,120.0,244.0
368.0,128.0,211.0
360.0,118.0,192.0
370.0,126.0,183.0
366.0,90.0,176.0
380.0,72.0,142.0
394.0,54.0,157.0
394.0,44.0,134.0
392.0,24.0,132.0
400.0,6.0,120.0
404.0,-14.0,109.0
916.0,440.0,778.0
892.0,446.0,765.0
854.0,424.0,774.0
824.0,414.0,743.0
778.0,408.0,765.0
726.0,396.0,744.0
690.0,380.0,714.0
648.0,378.0,704.0
592.0,360.0,665.0
590.0,354.0,636.0
548.0,336.0,606.0
524.0,314.0,561.0
484.0,312.0,535.0
444.0,300.0,484.0
418.0,286.0,432.0
416.0,260.0,383.0
390.0,248.0,345.0
376.0,230.0,290.0
368.0,220.0,251.0
364.0,202.0,221.0
354.0,198.0,176.0
340.0,172.0,156.0
342.0,172.0,102.0
352.0,140.0,79.0
356.0,142.0,42.0
368.0,124.0,29.0
380.0,106.0,3.0
378.0,80.0,-59.0
392.0,66.0,-82.0
394.0,48.0,-94.0
414.0,22.0,-111.0
434.0,12.0,-146.0
448.0,-28.0,-155.0
480.0,-44.0,-202.0
498.0,-54.0,-237.0
528.0,-62.0,-271.0
542.0,-66.0,-324.0
560.0,-54.0,-365.0
600.0,-40.0,-408.0
620.0,-10.0,-437.0
616.0,28.0,-467.0
670.0,54.0,-513.0
678.0,84.0,-528.0
706.0,132.0,-588.0
742.0,164.0,-595.0
746.0,210.0,-594.0
782.0,246.0,-622.0
820.0,268.0,-633.0
850.0,310.0,-662.0
878.0,324.0,-686.0
128.0,0.0,-768.0
942.0,384.0,-682.0
998.0,400.0,-679.0
1008.0,404.0,-685.0
1044.0,436.0,-682.0
1090.0,456.0,-672.0
1116.0,474.0,-665.0
1026.0,504.0,-657.0
1174.0,538.0,-644.0
1188.0,562.0,-643.0
1212.0,600.0,-592.0
1240.0,648.0,-563.0
1250.0,660.0,-536.0
1272.0,718.0,-515.0
1282.0,728.0,-502.0
1282.0,748.0,-480.0
1286.0,766.0,-447.0
1308.0,778.0,-399.0
1286.0,808.0,-361.0
1308.0,824.0,-376.0
1318.0,834.0,-355.0
1310.0,840.0,-325.0
1316.0,856.0,-321.0
1314.0,854.0,-294.0
1314.0,858.0,-277.0
1300.0,884.0,-288.0
1306.0,880.0,-240.0
1286.0,894.0,-244.0
1290.0,914.0,-226.0
1298.0,914.0,-227.0
1266.0,926.0,-185.0
1240.0,952.0,-184.0
1242.0,960.0,-164.0
1200.0,976.0,-140.0
1176.0,984.0,-135.0
1158.0,994.0,-142.0
1132.0,1002.0,-117.0
1114.0,1012.0,-123.0
1098.0,1018.0,-125.0
1072.0,1018.0,-107.0
1072.0,1024.0,-119.0
1052.0,1022.0,-104.0
1068.0,1022.0,-134.0
1058.0,1016.0,-149.0
1076.0,1014.0,-146.0
1056.0,1004.0,-165.0
1046.0,1018.0,-165.0
1070.0,988.0,-202.0
1076.0,964.0,-219.0
1076.0,970.0,-251.0
1086.0,962.0,-260.0
1108.0,944.0,-291.0
1106.0,932.0,-302.0
1126.0,926.0,-350.0
1126.0,904.0,-324.0
1142.0,904.0,-361.0
1134.0,876.0,-381.0
1152.0,856.0,-422.0
1162.0,836.0,-445.0
1146.0,820.0,-442.0
1158.0,790.0,-453.0
1152.0,796.0,-520.0
1148.0,758.0,-528.0
1156.0,730.0,-538.0
1140.0,702.0,-568.0
1150.0,674.0,-592.0
1132.0,642.0,-593.0
1160.0,606.0,-624.0
1158.0,594.0,-619.0
1074.0,572.0,-636.0
1134.0,548.0,-644.0
1140.0,540.0,-640.0
1130.0,502.0,-660.0
1146.0,488.0,-636.0
1152.0,488.0,-654.0
1144.0,478.0,-650.0
1152.0,500.0,-625.0
1152.0,468.0,-641.0
1172.0,496.0,-657.0
1170.0,498.0,-666.0
1198.0,508.0,-666.0
1192.0,522.0,-634.0
1192.0,516.0,-630.0
1212.0,526.0,-629.0
1216.0,522.0,-605.0
1228.0,540.0,-609.0
1228.0,524.0,-609.0
1236.0,534.0,-594.0
1244.0,542.0,-594.0
1266.0,548.0,-592.0
1270.0,564.0,-597.0
1280.0,564.0,-581.0
1306.0,582.0,-554.0
1304.0,582.0,-555.0
1316.0,592.0,-567.0
1332.0,592.0,-567.0
1354.0,594.0,-540.0
1376.0,584.0,-529.0
1394.0,590.0,-535.0
1388.0,604.0,-507.0
1382.0,610.0,-506.0
1396.0,640.0,-504.0
1400.0,638.0,-482.0
1416.0,648.0,-442.0
1428.0,658.0,-449.0
1422.0,668.0,-452.0
1434.0,682.0,-418.0
1434.0,680.0,-384.0
1438.0,678.0,-375.0
1454.0,702.0,-397.0
1460.0,714.0,-377.0
1466.0,710.0,-369.0
1444.0,722.0,-362.0
1456.0,716.0,-340.0
1458.0,736.0,-326.0
1464.0,740.0,-330.0
1458.0,734.0,-335.0
1454.0,758.0,-283.0
1446.0,782.0,-264.0
1448.0,808.0,-266.0
1452.0,808.0,-230.0
1444.0,820.0,-225.0
1410.0,822.0,-202.0
1404.0,852.0,-196.0
1402.0,864.0,-186.0
1376.0,876.0,-172.0
1368.0,900.0,-157.0
1344.0,908.0,-156.0
1328.0,916.0,-105.0
1298.0,936.0,-109.0
1284.0,970.0,-107.0
1260.0,972.0,-87.0
1240.0,988.0,-44.0
1216.0,1010.0,-30.0
1184.0,1008.0,0.0
1180.0,1004.0,24.0
1170.0,1022.0,55.0
1144.0,1010.0,87.0
1156.0,1016.0,98.0
1158.0,1034.0,137.0
1168.0,1010.0,168.0
1156.0,1012.0,184.0
1144.0,998.0,226.0
1146.0,998.0,245.0
1140.0,990.0,267.0
1106.0,1004.0,307.0
1100.0,994.0,333.0
1108.0,982.0,360.0
1106.0,982.0,398.0
1090.0,960.0,414.0
1100.0,952.0,441.0
1098.0,916.0,466.0
1090.0,912.0,501.0
1084.0,898.0,519.0
1064.0,872.0,543.0
1050.0,862.0,578.0
1030.0,858.0,585.0
980.0,860.0,584.0
988.0,840.0,580.0
962.0,824.0,621.0
948.0,832.0,613.0
902.0,792.0,611.0
872.0,796.0,638.0
858.0,800.0,639.0
832.0,784.0,635.0
796.0,760.0,630.0
778.0,758.0,611.0
738.0,750.0,608.0
712.0,734.0,599.0
690.0,716.0,603.0
650.0,698.0,614.0
622.0,666.0,591.0
614.0,652.0,565.0
582.0,632.0,561.0
558.0,606.0,572.0
546.0,602.0,566.0
520.0,554.0,549.0
500.0,542.0,543.0
494.0,510.0,525.0
474.0,476.0,529.0
470.0,460.0,527.0
458.0,448.0,494.0
444.0,424.0,498.0
450.0,412.0,482.0
432.0,382.0,476.0
416.0,354.0,460.0
422.0,360.0,452.0
412.0,332.0,434.0
418.0,336.0,437.0
402.0,334.0,417.0
388.0,322.0,407.0
384.0,312.0,393.0
388.0,312.0,370.0
374.0,290.0,345.0
368.0,300.0,330.0
350.0,288.0,317.0
348.0,306.0,271.0
346.0,310.0,236.0
344.0,292.0,216.0
336.0,290.0,207.0
344.0,290.0,216.0
360.0,288.0,149.0
326.0,274.0,147.0
338.0,268.0,112.0
334.0,250.0,98.0
328.0,262.0,76.0
334.0,242.0,70.0
334.0,222.0,54.0
336.0,204.0,17.0
366.0,188.0,-21.0
362.0,182.0,-42.0
364.0,172.0,-74.0
378.0,166.0,-92.0
374.0,140.0,-120.0
400.0,124.0,-147.0
408.0,120.0,-163.0
432.0,108.0,-190.0
418.0,88.0,-184.0
446.0,56.0,-223.0
458.0,34.0,-219.0
480.0,42.0,-226.0
474.0,30.0,-273.0
498.0,16.0,-269.0
520.0,16.0,-298.0
530.0,10.0,-317.0
548.0,-8.0,-331.0
568.0,-18.0,-332.0
588.0,-10.0,-376.0
608.0,-44.0,-381.0
628.0,-36.0,-430.0
648.0,-30.0,-448.0
674.0,2.0,-482.0
682.0,12.0,-503.0
724.0,32.0,-542.0
732.0,38.0,-540.0
770.0,70.0,-560.0
792.0,86.0,-574.0
810.0,106.0,-623.0
822.0,136.0,-609.0
842.0,154.0,-633.0
862.0,170.0,-628.0
876.0,186.0,-631.0
894.0,214.0,-643.0
920.0,222.0,-664.0
932.0,260.0,-642.0
962.0,300.0,-675.0
968.0,294.0,-683.0
986.0,342.0,-680.0
1002.0,360.0,-685.0
1036.0,374.0,-661.0
1040.0,410.0,-673.0
1034.0,444.0,-661.0
1048.0,484.0,-650.0
1056.0,518.0,-634.0
1054.0,544.0,-624.0
1068.0,588.0,-609.0
1092.0,-394.0,286.0
1082.0,-388.0,304.0
1096.0,-396.0,287.0
1102.0,-390.0,306.0
1100.0,-402.0,273.0
1100.0,-398.0,287.0
1112.0,-404.0,281.0
1110.0,-408.0,250.0
1112.0,-402.0,243.0
1104.0,-412.0,241.0
1112.0,-408.0,229.0
1102.0,-406.0,222.0
1104.0,-422.0,186.0
1128.0,-424.0,172.0
1120.0,-428.0,175.0
1120.0,-422.0,135.0
1118.0,-444.0,146.0
1110.0,-434.0,110.0
1114.0,-422.0,130.0
1118.0,-430.0,134.0
1108.0,-430.0,134.0
1108.0,-424.0,140.0
1108.0,-426.0,141.0
1110.0,-426.0,127.0
1118.0,-426.0,122.0
1110.0,-426.0,113.0
1124.0,-426.0,87.0
1128.0,-432.0,88.0
1130.0,-422.0,85.0
1136.0,-428.0,65.0
1114.0,-404.0,79.0
1134.0,-410.0,42.0
1130.0,-424.0,33.0
1132.0,-410.0,38.0
1126.0,-418.0,18.0
1134.0,-432.0,37.0
1126.0,-412.0,9.0
1128.0,-416.0,-2.0
1138.0,-426.0,-22.0
1120.0,-418.0,-39.0
1102.0,-414.0,-61.0
1104.0,-410.0,-68.0
1110.0,-402.0,-97.0
1100.0,-418.0,-111.0
1084.0,-390.0,-132.0
1092.0,-392.0,-171.0
1102.0,-380.0,-175.0
1082.0,-378.0,-216.0
1086.0,-360.0,-215.0
1084.0,-362.0,-235.0
1072.0,-364.0,-290.0
1080.0,-356.0,-289.0
1062.0,-346.0,-289.0
1060.0,-330.0,-302.0
1046.0,-324.0,-329.0
1044.0,-332.0,-326.0
1034.0,-306.0,-351.0
1004.0,-290.0,-377.0
1006.0,-268.0,-397.0
988.0,-252.0,-420.0
978.0,-244.0,-434.0
962.0,-224.0,-489.0
944.0,-194.0,-492.0
936.0,-164.0,-527.0
902.0,-160.0,-526.0
906.0,-128.0,-553.0
880.0,-98.0,-548.0
886.0,-54.0,-599.0
866.0,-28.0,-619.0
848.0,18.0,-602.0
836.0,58.0,-632.0
832.0,90.0,-626.0
806.0,122.0,-654.0
792.0,128.0,-671.0
798.0,174.0,-656.0
798.0,194.0,-664.0
784.0,202.0,-664.0
774.0,230.0,-665.0
762.0,240.0,-668.0
772.0,246.0,-690.0
776.0,256.0,-684.0
776.0,258.0,-693.0
776.0,262.0,-687.0
780.0,244.0,-678.0
808.0,242.0,-686.0
826.0,238.0,-695.0
830.0,234.0,-693.0
842.0,224.0,-726.0
868.0,206.0,-715.0
880.0,200.0,-733.0
886.0,192.0,-715.0
914.0,192.0,-728.0
936.0,176.0,-732.0
954.0,192.0,-723.0
974.0,190.0,-732.0
1006.0,186.0,-749.0
1040.0,162.0,-738.0
1078.0,180.0,-711.0
1088.0,178.0,-715.0
1116.0,148.0,-709.0
1148.0,172.0,-698.0
1168.0,172.0,-713.0
1180.0,164.0,-700.0
1206.0,166.0,-705.0
1212.0,160.0,-660.0
1238.0,168.0,-659.0
1260.0,162.0,-648.0
1300.0,156.0,-664.0
1306.0,156.0,-631.0
1320.0,124.0,-617.0
1346.0,130.0,-603.0
1380.0,118.0,-601.0
1386.0,114.0,-613.0
1408.0,102.0,-582.0
1424.0,108.0,-554.0
1446.0,86.0,-520.0
1458.0,96.0,-522.0
1478.0,80.0,-487.0
1502.0,94.0,-458.0
1516.0,78.0,-480.0
1536.0,82.0,-448.0
1560.0,0.0,-441.0
1572.0,102.0,-431.0
1586.0,102.0,-403.0
1604.0,112.0,-407.0
1606.0,132.0,-411.0
1614.0,138.0,-356.0
1646.0,144.0,-354.0
1650.0,170.0,-348.0
1674.0,194.0,-338.0
1680.0,214.0,-351.0
1692.0,228.0,-339.0
1682.0,258.0,-326.0
1690.0,278.0,-310.0
1690.0,300.0,-321.0
1682.0,348.0,-299.0
1686.0,352.0,-295.0
1676.0,376.0,-286.0
1678.0,400.0,-285.0
1700.0,416.0,-274.0
1672.0,442.0,-302.0
1678.0,444.0,-266.0
1676.0,478.0,-279.0
1674.0,496.0,-258.0
1672.0,518.0,-233.0
1664.0,534.0,-236.0
1668.0,538.0,-258.0
1676.0,560.0,-250.0
1670.0,568.0,-229.0
1660.0,598.0,-239.0
1660.0,588.0,-236.0
1650.0,594.0,-228.0
1638.0,616.0,-221.0
1640.0,642.0,-227.0
1632.0,640.0,-227.0
1632.0,654.0,-212.0
1634.0,664.0,-211.0
1620.0,688.0,-178.0
1618.0,696.0,-192.0
1600.0,702.0,-148.0
1586.0,720.0,-170.0
1574.0,712.0,-163.0
1550.0,740.0,-146.0
1538.0,748.0,-133.0
1502.0,768.0,-138.0
1514.0,762.0,-122.0
1502.0,774.0,-106.0
1500.0,788.0,-83.0
1468.0,800.0,-102.0
1462.0,796.0,-66.0
1450.0,814.0,-95.0
1436.0,816.0,-47.0
1434.0,822.0,-2.0
1418.0,826.0,16.0
1412.0,830.0,-2.0
1412.0,832.0,24.0
1404.0,838.0,52.0
1386.0,850.0,86.0
1380.0,834.0,93.0
1384.0,850.0,98.0
1380.0,854.0,173.0
1372.0,864.0,186.0
1360.0,850.0,219.0
1362.0,864.0,229.0
1352.0,870.0,269.0
1330.0,876.0,323.0
1308.0,866.0,335.0
1300.0,898.0,373.0
1260.0,878.0,381.0
1252.0,886.0,426.0
1212.0,888.0,476.0
1166.0,884.0,468.0
1146.0,892.0,519.0
1114.0,904.0,539.0
1044.0,872.0,546.0
1020.0,890.0,561.0
972.0,886.0,547.0
926.0,882.0,548.0
872.0,884.0,535.0
828.0,874.0,537.0
784.0,854.0,503.0
750.0,856.0,509.0
716.0,820.0,490.0
674.0,804.0,499.0
664.0,790.0,466.0
638.0,770.0,465.0
602.0,764.0,439.0
560.0,748.0,420.0
540.0,712.0,392.0
492.0,702.0,329.0
476.0,680.0,321.0
454.0,654.0,305.0
426.0,622.0,254.0
396.0,600.0,230.0
392.0,566.0,203.0
380.0,524.0,157.0
358.0,500.0,113.0
348.0,466.0,56.0
366.0,446.0,8.0
350.0,400.0,-53.0
354.0,356.0,-72.0
364.0,338.0,-142.0
378.0,314.0,-174.0
398.0,286.0,-223.0
414.0,256.0,-260.0
424.0,212.0,-302.0
452.0,204.0,-333.0
484.0,176.0,-353.0
516.0,158.0,-419.0
538.0,120.0,-415.0
556.0,98.0,-436.0
594.0,100.0,-458.0
620.0,100.0,-493.0
654.0,86.0,-519.0
670.0,74.0,-507.0
686.0,70.0,-533.0
714.0,80.0,-563.0
736.0,82.0,-560.0
752.0,96.0,-571.0
772.0,102.0,-588.0
778.0,114.0,-605.0
814.0,126.0,-621.0
820.0,142.0,-633.0
832.0,154.0,-633.0
850.0,182.0,-648.0
858.0,186.0,-649.0
872.0,206.0,-635.0
896.0,202.0,-678.0
896.0,236.0,-657.0
910.0,252.0,-665.0
914.0,260.0,-674.0
920.0,286.0,-677.0
922.0,302.0,-680.0
916.0,318.0,-691.0
898.0,330.0,-670.0
880.0,342.0,-670.0
854.0,368.0,-660.0
844.0,384.0,-673.0
816.0,398.0,-653.0
802.0,420.0,-633.0
770.0,442.0,-630.0
756.0,452.0,-600.0
738.0,474.0,-588.0
736.0,496.0,-587.0
724.0,524.0,-564.0
708.0,540.0,-567.0
716.0,540.0,-544.0
686.0,568.0,-532.0
700.0,588.0,-507.0
670.0,592.0,-481.0
678.0,608.0,-454.0
676.0,608.0,-463.0
666.0,612.0,-439.0
656.0,608.0,-457.0
640.0,598.0,-419.0
620.0,590.0,-417.0
550.0,588.0,-364.0
608.0,582.0,-370.0
600.0,564.0,-349.0
564.0,564.0,-344.0
560.0,544.0,-331.0
556.0,542.0,-326.0
542.0,506.0,-303.0
548.0,514.0,-285.0
530.0,490.0,-267.0
540.0,472.0,-276.0
522.0,466.0,-251.0
524.0,458.0,-266.0
544.0,442.0,-252.0
512.0,410.0,-269.0
556.0,422.0,-236.0
550.0,424.0,-237.0
550.0,406.0,-254.0
568.0,414.0,-253.0
574.0,398.0,-255.0
584.0,404.0,-259.0
578.0,422.0,-294.0
572.0,426.0,-294.0
574.0,436.0,-317.0
574.0,444.0,-337.0
566.0,444.0,-325.0
564.0,434.0,-321.0
544.0,434.0,-328.0
558.0,440.0,-357.0
548.0,440.0,-361.0
522.0,430.0,-377.0
512.0,434.0,-390.0
516.0,430.0,-391.0
500.0,428.0,-408.0
500.0,420.0,-388.0
498.0,424.0,-405.0
514.0,420.0,-411.0
500.0,414.0,-416.0
500.0,408.0,-401.0
506.0,402.0,-408.0
502.0,396.0,-411.0
510.0,386.0,-448.0
510.0,380.0,-442.0
508.0,388.0,-458.0
506.0,354.0,-453.0
518.0,356.0,-480.0
526.0,340.0,-460.0
550.0,342.0,-474.0
538.0,332.0,-477.0
564.0,318.0,-488.0
564.0,296.0,-512.0
576.0,298.0,-510.0
592.0,280.0,-539.0
600.0,266.0,-545.0
616.0,266.0,-561.0
640.0,250.0,-568.0
640.0,238.0,-563.0
662.0,236.0,-586.0
662.0,228.0,-587.0
682.0,220.0,-616.0
700.0,200.0,-631.0
726.0,198.0,-631.0
738.0,170.0,-631.0
770.0,166.0,-624.0
772.0,174.0,-651.0
1006.0,200.0,-671.0
1000.0,230.0,-666.0
978.0,230.0,-673.0
984.0,258.0,-678.0
972.0,280.0,-652.0
942.0,286.0,-672.0
934.0,302.0,-679.0
910.0,306.0,-687.0
918.0,328.0,-661.0
914.0,336.0,-653.0
898.0,336.0,-646.0
890.0,364.0,-673.0
878.0,370.0,-645.0
868.0,372.0,-634.0
840.0,386.0,-664.0
864.0,388.0,-626.0
858.0,416.0,-647.0
840.0,424.0,-634.0
834.0,420.0,-625.0
818.0,430.0,-611.0
824.0,436.0,-610.0
786.0,442.0,-583.0
788.0,448.0,-596.0
770.0,454.0,-588.0
752.0,466.0,-557.0
728.0,476.0,-542.0
714.0,462.0,-531.0
708.0,454.0,-553.0
686.0,466.0,-531.0
676.0,454.0,-527.0
658.0,444.0,-507.0
644.0,430.0,-493.0
622.0,418.0,-475.0
614.0,384.0,-470.0
584.0,382.0,-439.0
578.0,342.0,-421.0
572.0,320.0,-414.0
546.0,276.0,-401.0
556.0,268.0,-390.0
0.0,246.0,-359.0
512.0,222.0,-366.0
512.0,190.0,-353.0
548.0,162.0,-334.0
552.0,138.0,-342.0
554.0,116.0,-320.0
564.0,96.0,-317.0
552.0,80.0,-336.0
574.0,68.0,-352.0
580.0,46.0,-349.0
588.0,40.0,-373.0
590.0,28.0,-359.0
596.0,14.0,-374.0
610.0,16.0,-374.0
624.0,-12.0,-376.0
634.0,-34.0,-386.0
668.0,-40.0,-418.0
680.0,-48.0,-413.0
692.0,-56.0,-454.0
722.0,-64.0,-441.0
728.0,-60.0,-466.0
754.0,-70.0,-477.0
768.0,-80.0,-490.0
800.0,-76.0,-507.0
822.0,-90.0,-515.0
864.0,-78.0,-520.0
888.0,-64.0,-549.0
906.0,-58.0,-549.0
928.0,-48.0,-563.0
960.0,-56.0,-585.0
996.0,-26.0,-590.0
996.0,-36.0,-601.0
1046.0,12.0,-642.0
1068.0,6.0,-619.0
1088.0,4.0,-627.0
1100.0,14.0,-617.0
1122.0,8.0,-624.0
1140.0,14.0,-624.0
1174.0,22.0,-609.0
1212.0,28.0,-609.0
1220.0,6.0,-592.0
1240.0,8.0,-599.0
1268.0,-6.0,-588.0
1276.0,-10.0,-589.0
1300.0,-36.0,-566.0
1300.0,-50.0,-582.0
1334.0,-48.0,-544.0
1360.0,-42.0,-529.0
1362.0,-56.0,-534.0
1384.0,-58.0,-518.0
1412.0,-88.0,-501.0
1438.0,-72.0,-489.0
1452.0,-66.0,-478.0
1474.0,-70.0,-438.0
1468.0,-92.0,-440.0
1470.0,-80.0,-424.0
1520.0,-90.0,-396.0
1522.0,-92.0,-393.0
1532.0,-86.0,-362.0
1546.0,-78.0,-340.0
1574.0,-96.0,-322.0
1598.0,-96.0,-298.0
1606.0,-92.0,-272.0
1628.0,-78.0,-232.0
1630.0,-96.0,-193.0
1656.0,-82.0,-167.0
1666.0,-104.0,-147.0
1670.0,-82.0,-111.0
1680.0,-78.0,-78.0
1678.0,-82.0,-60.0
1698.0,-78.0,-2.0
1702.0,-90.0,26.0
1708.0,-70.0,64.0
1694.0,-60.0,89.0
1710.0,-72.0,100.0
1730.0,-58.0,109.0
1712.0,-52.0,170.0
1730.0,-38.0,181.0
1724.0,-12.0,179.0
1750.0,10.0,186.0
1736.0,22.0,181.0
1748.0,32.0,192.0
1742.0,38.0,219.0
1736.0,58.0,255.0
1734.0,58.0,245.0
1738.0,66.0,304.0
1734.0,82.0,297.0
1724.0,108.0,339.0
1700.0,108.0,391.0
1688.0,136.0,415.0
1682.0,152.0,431.0
1674.0,168.0,457.0
1668.0,180.0,476.0
1670.0,198.0,494.0
1668.0,218.0,512.0
1652.0,234.0,538.0
1654.0,254.0,529.0
1636.0,276.0,551.0
1624.0,304.0,531.0
1644.0,326.0,519.0
1640.0,362.0,526.0
1638.0,382.0,513.0
1634.0,408.0,509.0
1640.0,424.0,509.0
1626.0,450.0,508.0
1622.0,472.0,486.0
1634.0,474.0,452.0
1630.0,492.0,447.0
1632.0,514.0,453.0
1644.0,542.0,435.0
1630.0,548.0,434.0
1634.0,550.0,390.0
1622.0,560.0,384.0
1634.0,572.0,384.0
1646.0,598.0,350.0
1652.0,594.0,325.0
1632.0,620.0,336.0
1632.0,636.0,318.0
1618.0,646.0,293.0
1618.0,654.0,286.0
1610.0,658.0,253.0
1606.0,664.0,275.0
1594.0,670.0,279.0
1582.0,678.0,288.0
1584.0,690.0,293.0
1578.0,698.0,289.0
1564.0,696.0,300.0
1564.0,702.0,305.0
1548.0,716.0,303.0
1546.0,720.0,313.0
1540.0,728.0,338.0
1528.0,742.0,330.0
1512.0,724.0,345.0
1512.0,732.0,349.0
1498.0,732.0,320.0
1502.0,738.0,323.0
1470.0,748.0,356.0
1474.0,762.0,350.0
1454.0,758.0,336.0
1460.0,770.0,335.0
1422.0,794.0,361.0
1422.0,784.0,338.0
1408.0,798.0,329.0
1412.0,800.0,340.0
1414.0,810.0,336.0
1392.0,824.0,340.0
1372.0,836.0,346.0
1378.0,854.0,337.0
1374.0,846.0,320.0
1360.0,858.0,349.0
1354.0,866.0,360.0
1338.0,870.0,341.0
1340.0,870.0,351.0
1320.0,884.0,344.0
1310.0,886.0,336.0
1290.0,892.0,331.0
1298.0,912.0,343.0
1272.0,904.0,349.0
1262.0,912.0,347.0
1248.0,938.0,342.0
1238.0,948.0,359.0
1220.0,962.0,353.0
1200.0,956.0,333.0
1176.0,956.0,342.0
1154.0,976.0,357.0
1148.0,1000.0,345.0
1148.0,1010.0,339.0
1094.0,1012.0,301.0
1064.0,1014.0,334.0
1052.0,1022.0,307.0
1044.0,1038.0,276.0
1012.0,1040.0,265.0
994.0,1050.0,280.0
978.0,1052.0,226.0
958.0,1038.0,234.0
928.0,1056.0,208.0
902.0,1066.0,191.0
890.0,1056.0,175.0
880.0,1054.0,164.0
858.0,1046.0,139.0
834.0,1056.0,128.0
812.0,1038.0,106.0
796.0,1036.0,58.0
764.0,1026.0,25.0
754.0,1012.0,17.0
746.0,996.0,-38.0
726.0,994.0,-57.0
706.0,976.0,-64.0
708.0,960.0,-105.0
688.0,942.0,-125.0
672.0,916.0,-148.0
660.0,908.0,-166.0
640.0,892.0,-182.0
658.0,886.0,-208.0
630.0,876.0,-226.0
628.0,852.0,-232.0
620.0,828.0,-255.0
628.0,824.0,-283.0
594.0,802.0,-281.0
598.0,808.0,-317.0
582.0,788.0,-293.0
584.0,748.0,-330.0
582.0,732.0,-342.0
576.0,722.0,-325.0
556.0,704.0,-338.0
568.0,696.0,-347.0
554.0,686.0,-374.0
560.0,672.0,-392.0
544.0,636.0,-406.0
564.0,620.0,-418.0
552.0,594.0,-446.0
582.0,582.0,-441.0
580.0,538.0,-472.0
578.0,514.0,-500.0
592.0,492.0,-488.0
610.0,466.0,-513.0
598.0,424.0,-522.0
628.0,396.0,-544.0
626.0,362.0,-569.0
626.0,350.0,-556.0
646.0,320.0,-575.0
658.0,300.0,-567.0
690.0,270.0,-592.0
700.0,242.0,-583.0
722.0,198.0,-602.0
732.0,198.0,-596.0
768.0,176.0,-621.0
786.0,164.0,-613.0
798.0,146.0,-624.0
812.0,130.0,-601.0
820.0,124.0,-600.0
834.0,110.0,-605.0
836.0,86.0,-622.0
848.0,84.0,-615.0
874.0,82.0,-607.0
858.0,74.0,-624.0
880.0,74.0,-587.0
906.0,50.0,-606.0
892.0,50.0,-625.0
912.0,44.0,-594.0
928.0,44.0,-595.0
932.0,24.0,-606.0
958.0,48.0,-614.0
968.0,44.0,-612.0
972.0,52.0,-634.0
994.0,64.0,-647.0
1004.0,76.0,-637.0
1032.0,76.0,-641.0
1046.0,102.0,-645.0
1052.0,136.0,-648.0
1074.0,146.0,-651.0
1106.0,152.0,-661.0
1104.0,164.0,-667.0
1136.0,200.0,-682.0
1152.0,194.0,-662.0
1158.0,188.0,-665.0
1158.0,202.0,-667.0
1158.0,188.0,-663.0
1164.0,194.0,-675.0
1162.0,196.0,-636.0
1184.0,192.0,-664.0
1202.0,210.0,-646.0
1196.0,196.0,-661.0
1194.0,196.0,-642.0
1204.0,180.0,-653.0
1202.0,202.0,-630.0
1182.0,210.0,-656.0
1204.0,214.0,-656.0
1204.0,224.0,-654.0
1186.0,242.0,-638.0
482.0,338.0,-380.0
494.0,296.0,-411.0
514.0,260.0,-424.0
548.0,224.0,-466.0
584.0,194.0,-470.0
620.0,166.0,-512.0
640.0,142.0,-510.0
666.0,140.0,-506.0
696.0,114.0,-547.0
728.0,104.0,-546.0
758.0,98.0,-558.0
782.0,98.0,-567.0
812.0,88.0,-564.0
832.0,86.0,-584.0
854.0,96.0,-587.0
872.0,86.0,-614.0
904.0,86.0,-607.0
912.0,94.0,-619.0
950.0,86.0,-623.0
954.0,100.0,-643.0
978.0,106.0,-635.0
1002.0,116.0,-623.0
1026.0,114.0,-627.0
1042.0,134.0,-615.0
1060.0,130.0,-638.0
1078.0,148.0,-630.0
1072.0,162.0,-648.0
1072.0,166.0,-639.0
1082.0,180.0,-621.0
1082.0,182.0,-623.0
1080.0,184.0,-652.0
1084.0,218.0,-634.0
1086.0,224.0,-664.0
1080.0,210.0,-621.0
1050.0,232.0,-643.0
1056.0,242.0,-636.0
1048.0,230.0,-624.0
1024.0,238.0,-615.0
1016.0,242.0,-638.0
1004.0,228.0,-634.0
990.0,234.0,-621.0
982.0,224.0,-613.0
950.0,220.0,-614.0
948.0,214.0,-621.0
922.0,198.0,-604.0
932.0,200.0,-603.0
930.0,188.0,-603.0
916.0,180.0,-613.0
