x,y,z
-3.86,-5.23,0.42
-3.82,-5.18,0.39
-3.96,-5.29,0.28
-3.96,-5.21,0.06
-3.84,-5.25,0.3
-3.84,-5.27,0.27
-3.84,-5.23,0.47
-3.88,-5.1,0.53
-3.9,-5.14,0.38
-3.78,-5.18,0.37
-3.77,-5.19,0.4
-3.84,-5.16,0.31
-3.9,-5.06,0.26
-3.98,-5.14,0.37
-3.69,-5.16,0.33
-3.94,-5.19,0.06
-3.84,-5.1,0.37
-3.75,-5.14,0.36
-3.8,-5.12,0.21
-3.75,-5.14,0.37
-3.82,-5.19,0.38
-3.82,-5.23,0.4
-3.94,-5.08,0.27
-3.8,-5.18,0.28
-3.92,-5.08,0.22
-3.94,-5.18,0.15
-3.86,-5.27,0.32
-3.75,-5.21,0.37
-3.71,-5.08,0.28
-3.75,-5.23,0.36
-3.94,-5.16,0.09
-3.96,-5.12,0.28
-3.82,-5.1,0.16
-3.88,-5.08,0.23
-3.88,-5.16,0.32
-3.94,-5.04,0.0
-3.92,-5.1,0.28
-3.84,-5.19,0.46
-3.84,-5.29,0.39
-3.98,-5.08,0.46
-3.92,-5.18,0.41
-3.84,-5.23,0.61
-3.9,-5.27,0.28
-3.92,-5.19,0.35
-3.84,-5.1,0.37
-3.9,-5.08,0.34
-3.75,-5.19,0.16
-3.77,-5.23,0.29
-3.63,-5.12,0.53
-3.78,-5.12,0.18
-3.9,-5.16,0.44
-3.92,-5.23,0.42
-3.71,-5.1,0.21
-3.86,-5.16,0.23
-3.75,-5.12,0.35
-3.82,-5.23,0.41
-3.92,-5.23,0.3
-3.9,-5.08,0.43
-3.71,-5.14,0.52
-3.86,-5.21,0.27
-3.98,-5.12,0.35
-3.86,-5.21,0.36
-3.92,-5.18,0.39
-3.88,-5.1,0.43
-3.88,-5.21,0.21
-3.8,-5.18,0.4
-3.73,-5.18,0.28
-3.86,-4.99,0.42
-3.78,-5.18,0.41
-3.86,-5.18,0.37
-3.82,-5.36,0.55
-3.82,-5.14,0.34
-3.78,-5.08,0.44
-4.0,-5.18,0.38
-3.84,-5.08,0.32
-3.84,-5.12,0.53
-3.88,-5.19,0.39
-3.8,-5.27,0.44
-3.8,-5.12,0.39
-3.82,-5.1,0.48
-3.84,-5.21,0.48
-3.8,-5.19,0.48
-3.88,-5.16,0.48
-3.82,-5.16,0.5
-3.77,-5.03,0.28
-3.84,-5.08,0.27
-3.86,-5.14,0.28
-3.86,-5.25,0.22
-3.69,-5.19,0.44
-3.86,-5.19,0.6
-3.75,-5.12,0.51
-4.0,-5.08,0.42
-3.71,-5.23,0.3
-3.92,-5.18,0.39
-3.77,-5.16,0.5
-3.84,-5.25,0.29
-3.78,-5.19,0.37
-3.78,-5.19,0.17
-3.86,-5.18,0.06
-3.75,-5.14,0.49
-3.86,-5.08,0.33
-3.8,-5.1,0.5
-3.9,-5.21,0.5
-3.92,-5.18,0.32
-3.94,-5.14,0.35
-3.84,-5.16,0.42
-3.92,-5.19,0.24
-3.73,-5.18,0.47
-3.78,-5.21,0.24
-3.82,-5.16,0.46
-3.77,-5.23,0.26
-3.92,-5.1,0.19
-3.82,-5.1,0.36
-3.9,-5.03,0.38
-3.8,-5.06,0.37
-4.0,-5.12,0.34
-3.78,-5.16,0.28
-3.84,-5.29,0.2
-3.78,-5.21,0.28
-3.75,-5.21,0.47
-3.96,-5.32,0.39
-3.75,-5.25,0.35
-3.69,-5.23,0.12
-3.67,-5.19,0.31
-3.75,-5.19,0.36
-3.77,-5.06,0.28
-3.71,-5.1,0.43
-3.92,-5.16,0.36
-3.82,-5.25,0.26
-3.8,-4.95,0.45
-3.67,-5.29,0.54
-3.82,-5.16,0.41
-3.78,-5.04,0.37
-3.73,-5.14,0.34
-3.86,-5.19,0.36
-3.9,-5.14,0.35
-3.8,-5.16,0.46
-3.82,-5.1,0.28
-3.78,-5.16,0.21
-3.88,-5.12,0.2
-3.82,-5.21,0.39
-3.77,-5.27,0.4
-3.73,-5.1,0.48
-3.75,-5.19,0.43
-3.88,-5.21,0.31
-3.86,-5.04,0.4
-3.75,-5.08,0.36
-3.82,-5.18,0.28
-3.84,-5.18,0.33
-3.82,-5.19,0.34
-3.88,-5.14,0.42
-3.77,-5.18,0.41
-3.73,-5.23,0.19
-3.82,-5.08,0.57
-3.94,-5.08,0.41
-3.94,-5.16,0.44
-3.77,-5.12,0.37
-3.73,-5.1,0.34
-3.92,-5.12,0.11
-3.88,-5.08,0.3
-3.86,-5.1,0.12
-3.78,-5.19,0.35
-3.69,-5.12,0.44
-3.73,-5.23,0.23
-3.84,-5.21,0.41
-3.63,-5.21,0.33
-3.77,-5.23,0.36
-3.86,-5.29,0.22
-3.82,-5.12,0.36
-3.73,-5.18,0.26
-3.61,-5.23,0.06
-3.61,-5.23,-0.06
-3.67,-5.16,0.03
-3.57,-5.16,-0.34
-3.52,-5.18,-0.09
-3.56,-5.1,-0.38
-3.46,-5.12,-0.46
-3.61,-5.12,-0.32
-3.71,-4.97,-0.65
-3.61,-4.99,-0.83
-3.8,-4.73,-0.75
-3.98,-4.67,-0.93
-4.03,-4.48,-1.03
-4.22,-4.37,-0.94
-4.28,-4.15,-1.2
-4.34,-3.96,-1.16
-4.55,-3.85,-1.29
-4.66,-3.34,-1.19
-4.68,-3.25,-0.93
-4.99,-3.1,-1.05
-5.01,-2.84,-1.04
-5.06,-2.65,-1.33
-5.01,-2.6,-1.09
-5.31,-2.39,-0.98
-5.43,-2.11,-0.83
-5.52,-1.81,-0.79
-5.6,-1.85,-0.95
-5.52,-1.68,-0.78
-5.54,-1.66,-0.86
-5.58,-1.53,-0.6
-5.52,-1.57,-0.72
-5.48,-1.51,-0.51
-5.41,-1.36,-0.62
-5.68,-1.46,-0.74
-5.66,-1.36,-0.83
-5.66,-1.33,-0.73
-5.62,-1.19,-0.89
-5.54,-1.18,-0.92
-5.54,-1.1,-0.98
-5.5,-1.18,-1.11
-5.56,-1.14,-1.4
-5.45,-1.06,-1.6
-5.35,-1.06,-1.73
-5.27,-1.03,-1.85
-5.22,-0.95,-1.96
-5.18,-1.05,-2.15
-5.33,-1.08,-2.29
-5.06,-0.93,-2.03
-5.14,-0.9,-2.07
-5.14,-0.95,-2.25
-5.16,-0.99,-2.26
-5.06,-1.06,-2.45
-5.14,-1.01,-2.63
-5.06,-1.01,-2.65
-4.89,-0.99,-2.72
-4.97,-1.12,-2.88
-4.78,-0.99,-2.99
-5.08,-1.05,-2.78
-4.91,-0.95,-2.7
-5.05,-0.86,-2.76
-4.87,-0.84,-2.99
-5.01,-0.91,-2.82
-4.84,-0.75,-2.88
-4.84,-0.77,-3.0
-4.91,-0.67,-3.26
-4.8,-0.67,-3.07
-4.76,-0.48,-3.37
-4.66,-0.43,-3.51
-4.66,-0.39,-3.56
-4.55,-0.39,-3.71
-4.43,-0.32,-3.85
-4.28,-0.35,-3.96
-4.17,-0.24,-3.97
-4.01,-0.3,-4.27
-3.92,-0.22,-4.33
-3.86,-0.37,-4.33
-3.75,-0.58,-4.58
-3.61,-0.48,-4.36
-3.69,-0.45,-4.48
-3.69,-0.6,-4.31
-3.69,-0.62,-4.26
-3.57,-0.77,-4.22
-3.57,-0.63,-4.19
-3.54,-0.73,-4.33
-3.54,-0.65,-4.36
-3.31,-0.69,-4.5
-3.36,-0.71,-4.59
-3.12,-0.56,-4.5
-3.14,-0.62,-4.35
-2.98,-0.71,-4.61
-2.79,-0.78,-4.55
-2.75,-0.71,-4.65
-2.6,-0.67,-4.63
-2.52,-0.62,-4.75
-2.58,-0.88,-4.76
-2.47,-0.88,-4.68
-2.41,-0.78,-4.67
-2.41,-0.93,-4.69
-2.41,-1.08,-4.67
-2.33,-1.29,-4.79
-2.26,-1.38,-4.69
-2.26,-1.72,-4.43
-2.09,-1.92,-4.35
-2.22,-2.37,-4.01
-2.16,-2.75,-4.03
-1.76,-3.25,-3.99
-1.4,-3.57,-3.92
-1.17,-4.0,-3.7
-0.83,-4.17,-3.36
-0.35,-4.48,-3.37
0.13,-4.63,-3.32
0.78,-4.91,-3.15
1.35,-5.01,-3.07
1.62,-5.06,-2.97
2.17,-4.91,-2.94
2.88,-4.78,-2.92
3.43,-4.65,-3.04
3.85,-4.52,-3.08
4.22,-4.24,-3.11
4.71,-4.0,-3.04
4.94,-3.81,-2.85
5.34,-3.51,-2.79
5.67,-3.25,-2.68
5.82,-2.95,-2.62
6.07,-2.86,-2.39
6.34,-2.65,-2.23
6.55,-2.37,-1.95
6.76,-2.0,-1.96
7.0,-1.87,-1.36
7.19,-1.72,-1.05
7.33,-1.61,-0.54
7.42,-1.51,0.11
7.44,-1.23,0.65
7.5,-1.21,1.05
7.58,-1.1,1.66
7.33,-0.93,2.35
7.44,-0.9,2.91
7.06,-0.84,3.33
6.83,-0.52,3.92
6.56,-0.48,4.33
6.11,-0.45,4.83
5.99,-0.32,5.38
5.67,-0.22,5.6
5.36,-0.13,5.91
4.94,-0.09,6.15
4.64,-0.02,6.39
4.1,0.04,6.63
3.68,0.11,7.03
3.22,0.0,7.23
2.75,0.06,7.32
2.46,-0.02,7.35
1.79,-0.02,7.58
1.26,-0.2,7.34
0.53,-0.28,7.39
-0.23,-0.45,7.34
-1.04,-0.67,7.06
-1.82,-0.69,6.69
-2.37,-0.82,6.43
-3.06,-0.88,5.88
-3.8,-0.95,5.48
-4.13,-0.91,4.84
-4.66,-0.95,4.05
-5.16,-0.78,3.15
-5.48,-0.71,2.55
-5.73,-0.82,1.62
-5.73,-0.69,0.8
-5.68,-0.69,-0.03
-5.73,-0.77,-1.06
-5.41,-0.8,-1.6
-5.03,-0.77,-2.23
-4.76,-1.03,-2.74
-4.53,-1.05,-3.13
-4.24,-1.01,-3.71
-3.86,-1.16,-3.81
-3.67,-1.36,-4.11
-3.29,-1.53,-4.33
-2.98,-1.61,-4.55
-2.72,-1.53,-4.7
-2.33,-1.57,-5.07
-2.07,-1.55,-5.08
-1.86,-1.49,-5.25
-1.68,-1.51,-5.32
-1.38,-1.23,-5.32
-1.21,-1.03,-5.54
-1.19,-0.75,-5.6
-1.05,-0.6,-5.55
-1.05,-0.3,-5.58
-1.02,-0.11,-5.48
-1.09,0.09,-5.29
-1.23,0.21,-5.49
-1.25,0.24,-5.64
-1.44,0.37,-5.52
-1.49,0.36,-5.42
-1.72,0.26,-5.25
-1.86,0.04,-5.16
-1.91,-0.15,-5.08
-2.03,-0.19,-4.85
-2.01,-0.47,-4.71
-2.26,-0.62,-4.45
-2.05,-0.82,-4.61
-2.22,-0.84,-4.65
-2.03,-0.91,-4.58
-2.03,-0.99,-4.68
-1.86,-1.14,-4.87
-1.86,-1.03,-4.68
-1.84,-1.19,-4.63
5.84,-0.71,-3.66
5.97,-0.78,-3.72
5.61,-0.91,-3.71
5.71,-1.03,-3.69
5.74,-1.23,-3.7
5.63,-1.33,-3.82
5.53,-1.4,-3.84
5.46,-1.61,-3.81
5.34,-1.7,-3.68
5.06,-1.92,-3.62
5.19,-1.96,-3.92
4.9,-2.39,-3.86
4.92,-2.32,-3.83
4.87,-2.39,-4.12
4.77,-2.54,-4.02
4.6,-2.62,-3.92
4.33,-2.91,-4.07
4.06,-2.91,-4.06
3.89,-2.95,-4.03
3.59,-3.14,-4.23
3.39,-3.21,-4.05
3.2,-3.34,-4.29
2.86,-3.12,-4.16
2.63,-3.33,-4.42
2.38,-3.16,-4.73
2.23,-3.19,-4.53
2.06,-3.33,-4.48
1.62,-3.27,-4.53
1.43,-3.31,-4.74
0.93,-3.19,-4.8
0.86,-3.01,-5.0
0.59,-2.73,-4.89
0.32,-2.48,-5.07
0.36,-2.32,-5.26
0.36,-1.83,-5.41
0.65,-1.51,-5.43
0.7,-1.48,-5.48
0.87,-1.12,-5.45
1.03,-1.06,-5.65
1.35,-0.9,-5.75
1.43,-0.84,-5.6
1.68,-0.78,-5.65
1.56,-0.75,-5.74
1.6,-0.88,-5.63
1.77,-0.84,-5.73
1.62,-0.99,-5.8
1.49,-1.06,-5.54
1.54,-0.97,-5.78
1.31,-1.06,-5.62
1.39,-0.97,-5.75
1.22,-0.95,-5.69
1.31,-0.86,-5.69
1.18,-0.95,-5.69
1.18,-0.99,-5.51
1.03,-0.95,-5.69
1.14,-0.9,-5.6
1.22,-0.73,-5.69
1.14,-0.75,-5.57
1.24,-0.71,-5.7
1.2,-0.73,-5.68
1.22,-0.77,-5.73
1.16,-0.71,-5.68
1.22,-0.75,-5.7
1.12,-0.77,-5.8
1.12,-0.73,-5.71
1.14,-0.78,-5.85
1.05,-0.69,-5.87
0.97,-0.69,-5.76
1.12,-0.77,-5.77
1.03,-0.75,-5.58
1.12,-0.62,-5.71
0.93,-0.73,-5.67
1.12,-0.75,-5.72
1.18,-0.63,-5.69
1.1,-0.6,-5.93
1.2,-0.67,-5.8
1.22,-0.69,-5.88
1.29,-0.63,-5.66
1.29,-0.5,-5.8
1.12,-0.62,-5.86
1.16,-0.41,-5.8
1.03,-0.6,-5.7
1.01,-0.43,-5.69
1.05,-0.43,-5.65
1.07,-0.47,-5.84
1.03,-0.41,-5.9
0.87,-0.28,-5.94
0.84,-0.2,-5.72
0.61,-0.19,-5.74
0.59,-0.17,-5.86
0.4,0.04,-5.91
0.32,0.02,-5.67
0.17,0.06,-5.77
0.13,0.19,-5.82
0.13,0.41,-5.78
0.07,0.32,-5.84
-0.21,0.56,-5.48
-0.21,0.34,-5.7
-0.44,0.43,-5.61
-0.62,0.24,-5.59
-0.79,0.28,-5.63
-0.86,0.26,-5.65
-1.05,0.21,-5.51
-1.11,0.08,-5.45
-1.3,0.02,-5.36
-1.44,-0.07,-5.22
-1.47,-0.34,-5.25
-1.4,-0.39,-4.87
-1.53,-0.47,-5.04
-1.49,-0.47,-4.99
-1.51,-0.65,-4.9
-1.46,-0.88,-4.86
-1.67,-0.9,-4.8
-1.67,-1.1,-4.89
-1.59,-1.21,-4.69
-1.47,-1.36,-4.74
-1.53,-1.42,-4.63
-1.32,-1.55,-4.59
-1.19,-1.64,-4.58
-1.19,-1.87,-4.39
-1.05,-2.13,-4.47
-0.92,-2.35,-4.49
-0.77,-2.35,-4.49
-0.46,-2.62,-4.52
-0.46,-2.62,-4.37
-0.1,-2.86,-4.58
-0.04,-2.76,-4.58
0.11,-2.99,-4.46
3.95,-3.49,-3.9
4.18,-3.76,-3.89
4.22,-3.98,-3.57
4.16,-4.24,-3.14
4.31,-4.45,-2.68
4.33,-4.61,-2.46
4.43,-4.69,-1.98
4.39,-4.82,-1.84
4.43,-5.14,-1.27
4.54,-5.04,-1.11
4.58,-5.12,-0.75
4.52,-5.21,-0.28
4.64,-5.27,0.11
4.6,-5.27,0.46
4.69,-5.23,0.85
4.62,-5.18,1.09
4.64,-5.06,1.52
4.65,-5.01,1.77
4.6,-4.95,1.92
4.6,-4.86,2.28
4.73,-4.71,2.75
4.52,-4.65,2.96
4.46,-4.58,3.37
4.52,-4.43,3.55
4.35,-4.32,3.91
4.29,-4.11,4.05
4.16,-3.83,4.3
3.99,-3.72,4.47
4.01,-3.77,4.83
3.97,-3.42,4.77
3.87,-3.29,4.86
3.95,-3.18,5.09
3.91,-3.01,5.24
3.74,-2.88,5.22
3.89,-2.75,5.13
3.89,-2.63,5.36
3.91,-2.62,5.17
4.02,-2.6,5.42
4.04,-2.5,5.28
3.93,-2.45,5.5
4.01,-2.47,5.31
3.93,-2.43,5.4
3.91,-2.43,5.44
3.85,-2.35,5.46
4.02,-2.48,5.34
3.87,-2.56,5.38
3.91,-2.6,5.23
3.85,-2.48,5.35
3.95,-2.65,5.47
3.89,-2.56,5.42
3.85,-2.58,5.26
3.99,-2.65,5.51
3.83,-2.58,5.49
3.99,-2.63,5.33
3.8,-2.58,5.26
3.87,-2.52,5.3
3.99,-2.62,5.18
3.87,-2.69,5.18
3.74,-2.73,5.16
3.95,-2.69,5.14
3.83,-2.62,5.36
3.83,-2.71,5.37
3.81,-2.6,5.36
3.83,-2.65,5.2
3.66,-2.62,5.28
3.81,-2.65,5.05
3.8,-2.65,5.28
3.66,-2.69,5.36
3.8,-2.62,5.44
3.76,-2.56,5.21
3.74,-2.62,5.34
3.81,-2.8,5.25
3.83,-2.69,5.32
3.78,-2.62,5.36
3.87,-2.65,5.36
3.89,-2.62,5.28
3.95,-2.41,5.23
4.01,-2.56,5.38
4.01,-2.37,5.25
3.76,-2.47,5.19
3.93,-2.47,5.18
3.83,-2.43,5.34
3.87,-2.47,5.45
3.62,-2.58,5.38
3.91,-2.52,5.32
3.89,-2.52,5.39
3.89,-2.5,5.34
3.78,-2.54,5.45
3.99,-2.52,5.51
3.8,-2.52,5.48
3.66,-2.47,5.68
3.76,-2.5,5.59
3.81,-2.33,5.79
3.76,-2.39,5.56
3.59,-2.32,5.71
3.53,-2.43,5.72
3.3,-2.35,5.73
3.49,-2.26,5.69
3.39,-2.37,5.84
3.22,-2.41,6.0
3.03,-2.32,6.02
2.96,-2.32,6.34
2.73,-2.15,6.22
2.52,-1.98,6.37
2.4,-2.3,6.45
2.1,-1.94,6.38
1.98,-1.91,6.65
1.5,-1.92,6.49
1.14,-1.98,6.63
0.87,-1.85,6.9
0.59,-2.09,6.68
0.19,-2.07,6.88
-0.14,-2.24,6.77
-0.6,-2.13,6.63
-0.86,-2.22,6.48
-1.4,-2.28,6.53
-1.67,-2.39,6.14
-2.16,-2.45,6.01
-2.66,-2.47,5.8
-2.98,-2.56,5.36
-3.5,-2.48,5.02
-3.78,-2.5,4.32
-4.26,-2.47,3.66
-4.7,-2.47,3.29
-4.97,-2.28,2.79
-5.2,-2.09,1.84
-5.31,-1.94,1.27
-5.43,-1.91,0.49
-5.43,-1.79,-0.05
-5.33,-1.59,-1.03
-5.01,-1.51,-1.82
-4.76,-1.61,-2.44
-4.57,-1.62,-2.86
-2.37,6.0,4.41
-2.56,5.79,4.65
-2.52,5.35,5.08
-2.52,5.12,5.38
-2.79,4.64,5.52
-2.79,4.45,6.06
-2.79,4.08,6.01
-2.73,3.57,6.33
-2.62,3.14,6.68
-2.51,2.71,6.67
-2.22,2.47,6.85
-2.14,1.93,7.18
-1.95,1.46,7.23
-1.86,0.95,7.13
-1.7,0.56,7.31
-1.59,0.0,7.33
-1.3,-0.39,7.42
-1.11,-0.82,7.36
-0.9,-1.19,7.18
-0.56,-1.62,7.03
-0.29,-2.3,6.95
-0.21,-2.75,6.77
0.11,-3.29,6.51
0.38,-3.59,6.07
0.65,-3.98,5.91
0.8,-4.2,5.36
0.87,-4.65,5.32
1.12,-4.97,4.8
1.24,-5.14,4.4
1.5,-5.4,4.12
1.62,-5.55,3.61
1.81,-5.72,3.29
1.89,-5.9,2.77
2.06,-6.02,2.32
2.02,-6.09,2.24
2.33,-6.11,1.6
2.38,-6.11,1.47
2.46,-6.13,0.85
2.54,-5.94,0.39
2.63,-6.17,-0.12
2.67,-5.96,-0.49
2.8,-5.94,-0.91
2.76,-5.77,-1.51
2.71,-5.64,-1.8
2.82,-5.46,-2.31
2.82,-5.1,-2.84
2.9,-4.91,-3.02
2.96,-4.52,-3.48
2.97,-4.24,-3.7
2.97,-3.83,-4.13
3.11,-3.4,-4.58
3.13,-3.14,-4.81
3.09,-2.73,-4.9
3.03,-2.33,-5.18
3.09,-1.72,-5.38
2.96,-1.29,-5.52
2.76,-0.93,-5.72
2.69,-0.56,-6.07
2.67,-0.02,-6.13
2.42,0.32,-6.14
2.29,0.88,-6.16
2.23,1.4,-6.09
2.06,1.78,-5.97
2.23,2.24,-5.93
2.19,2.32,-5.73
2.0,2.79,-5.98
1.83,2.99,-5.62
1.7,3.25,-5.58
1.71,3.33,-5.46
1.64,3.65,-5.31
1.58,3.81,-5.14
1.43,3.96,-5.25
1.47,4.09,-4.93
1.39,4.26,-5.02
1.2,4.26,-4.73
1.14,4.41,-4.72
1.1,4.51,-4.58
0.97,4.65,-4.47
0.93,4.71,-4.39
0.84,4.75,-4.26
0.8,4.88,-4.22
0.82,4.84,-4.04
0.61,4.97,-4.05
0.66,5.01,-4.09
0.55,5.01,-3.91
0.24,5.08,-3.69
0.22,4.88,-3.76
0.21,5.12,-3.6
0.09,5.05,-3.67
0.15,5.01,-3.6
0.09,5.18,-3.7
0.07,4.99,-3.59
-0.12,4.9,-3.48
-0.06,4.86,-3.38
-0.16,5.07,-3.39
-0.25,5.01,-3.52
-0.35,5.03,-3.52
-0.35,4.92,-3.65
-0.33,4.8,-3.44
-0.41,4.93,-3.6
-0.48,5.03,-3.53
-0.37,4.92,-3.36
-0.33,4.95,-3.42
-0.42,4.88,-3.69
-0.6,4.9,-3.45
-0.6,5.12,-3.71
-0.63,4.95,-3.73
-0.67,4.97,-3.55
-0.58,5.08,-3.38
-0.65,4.82,-3.66
-0.81,4.92,-3.65
-0.75,4.73,-3.48
-0.75,4.65,-3.55
-0.98,4.79,-3.55
-0.77,4.67,-3.58
-0.88,4.71,-3.7
-0.92,4.64,-3.64
-0.86,4.65,-3.69
-1.02,4.49,-3.73
-1.05,4.52,-3.65
-0.88,4.54,-3.81
-1.04,4.54,-3.77
-0.9,4.51,-3.89
-0.92,4.47,-3.73
-0.92,4.47,-3.76
-0.88,4.47,-3.86
-1.0,4.43,-3.85
-0.98,4.43,-3.77
-0.98,4.47,-3.73
-0.83,4.41,-3.79
-1.02,4.49,-3.95
5.46,5.96,-0.64
5.25,6.11,-0.54
5.34,6.0,-0.59
5.32,6.09,-0.52
5.25,6.19,-0.67
5.32,6.13,-0.72
5.27,6.09,-0.7
5.27,6.06,-0.61
5.21,6.06,-0.88
5.09,5.98,-0.94
5.29,5.98,-1.0
5.11,5.87,-1.16
5.3,6.02,-1.19
5.23,5.89,-1.25
5.11,5.91,-1.52
5.21,5.89,-1.44
5.06,5.89,-1.64
5.3,5.81,-1.57
5.17,5.7,-2.04
5.3,5.65,-2.2
5.08,5.46,-2.68
5.11,5.16,-2.79
5.23,5.05,-3.27
5.29,4.69,-3.38
5.27,4.51,-3.5
5.09,4.08,-3.92
5.19,3.76,-4.28
5.17,3.1,-4.43
5.21,2.58,-4.6
5.29,2.08,-4.91
5.34,1.51,-4.75
5.09,0.82,-4.93
5.02,0.06,-4.97
5.02,-0.45,-4.65
5.04,-0.91,-4.87
4.94,-1.51,-4.53
4.96,-2.33,-4.27
4.73,-2.78,-3.99
4.77,-3.33,-3.64
4.62,-3.83,-3.24
4.54,-4.47,-2.92
4.5,-4.69,-2.58
4.31,-5.03,-2.04
4.18,-5.14,-1.68
4.16,-5.36,-1.18
4.1,-5.62,-0.61
4.02,-5.66,-0.04
4.06,-5.62,0.61
4.1,-5.75,1.05
4.16,-5.72,1.63
4.14,-5.47,2.15
4.29,-5.47,2.74
4.54,-5.12,3.04
4.52,-4.84,3.59
4.77,-4.65,4.05
4.87,-4.13,4.48
4.71,-3.61,4.95
4.88,-3.36,5.19
4.88,-2.91,5.53
4.79,-2.47,5.82
4.77,-1.85,6.05
4.46,-1.49,6.3
4.37,-1.14,6.29
4.16,-0.69,6.73
4.04,-0.13,7.01
4.02,0.45,6.84
3.81,0.79,7.03
3.78,1.27,6.71
3.72,1.65,6.89
3.74,2.04,6.59
3.68,2.32,6.62
3.68,2.56,6.45
3.74,2.97,6.25
3.59,3.37,6.09
3.68,3.72,5.74
3.7,3.83,5.58
3.64,4.3,5.25
3.78,4.65,4.84
3.7,5.05,4.63
3.76,5.27,4.13
3.57,5.5,3.75
3.6,5.65,3.49
3.59,5.81,2.85
3.59,5.96,2.22
3.53,6.02,2.13
3.45,6.06,1.59
3.45,6.17,1.05
3.41,6.07,0.62
3.38,6.22,0.17
3.43,6.13,-0.28
3.36,5.93,-0.83
3.17,6.0,-1.27
3.15,5.72,-1.69
3.07,5.81,-2.16
2.92,5.72,-2.28
2.78,5.59,-2.6
2.59,5.48,-3.06
2.29,5.18,-3.24
1.98,5.1,-3.66
1.81,4.9,-4.23
1.37,4.51,-4.26
1.2,4.17,-4.69
0.8,3.72,-5.1
0.65,3.35,-5.37
0.32,2.9,-5.63
0.3,2.58,-5.93
0.17,1.87,-5.94
0.09,1.44,-6.03
0.07,0.88,-5.98
0.13,0.47,-6.14
0.05,0.02,-6.02
0.19,-0.17,-6.0
0.26,-0.56,-6.05
0.28,-0.73,-5.93
0.34,-1.06,-6.08
0.32,-1.34,-5.96
0.42,-1.57,-5.9
0.24,-1.68,-5.47
0.45,-2.28,-5.6
0.38,-2.2,-5.42
0.45,-2.78,-5.34
0.65,-2.84,-5.13
0.61,-3.08,-5.09
0.49,-3.01,-5.09
0.38,-3.47,-4.83
0.53,-3.31,-4.71
0.57,-3.49,-4.53
0.57,-3.59,-4.88
0.45,-3.62,-4.54
0.57,-3.61,-4.58
-2.79,3.35,-3.01
-2.75,3.42,-3.2
-2.79,3.44,-3.31
-2.75,3.22,-3.23
-2.89,3.35,-3.31
-2.75,3.31,-3.43
-2.89,3.31,-3.39
-2.83,3.38,-3.33
-2.85,3.38,-3.21
-2.83,3.33,-3.35
-2.81,3.27,-3.21
-2.91,3.12,-3.2
-2.87,3.37,-3.25
-2.73,3.25,-3.31
-2.93,3.22,-3.22
-2.83,3.35,-3.3
-2.93,3.33,-3.19
-2.94,3.33,-3.33
-2.83,3.14,-3.08
-2.83,3.27,-3.22
-2.79,3.27,-3.34
-2.89,3.27,-3.15
-2.85,3.27,-3.4
-2.83,3.29,-3.33
-2.77,3.22,-3.09
-2.81,3.2,-3.18
-2.89,3.33,-3.1
-2.91,3.31,-3.11
-2.66,3.35,-3.38
-2.85,3.37,-3.21
-2.81,3.29,-3.17
-2.85,3.33,-3.09
-2.93,3.18,-3.19
-3.02,3.33,-3.28
-3.0,3.37,-3.21
-2.94,3.23,-3.2
-2.94,3.31,-3.31
-2.93,3.35,-3.32
-2.94,3.33,-3.32
-2.96,3.29,-3.36
-2.77,3.37,-3.28
-2.94,3.27,-3.26
-2.93,3.23,-3.47
-2.93,3.23,-3.31
-3.08,3.05,-3.26
-3.0,3.22,-3.11
-3.0,3.25,-3.26
-2.96,3.16,-3.26
-2.83,3.27,-3.04
-2.94,3.18,-3.11
-2.91,3.16,-3.33
-2.94,3.1,-3.39
-3.06,3.1,-3.37
-2.93,3.23,-3.2
-2.96,3.1,-3.29
-3.1,3.05,-3.24
-3.02,3.01,-3.15
-3.12,2.82,-3.2
-3.06,2.75,-3.19
-3.02,2.73,-3.41
-3.14,2.71,-3.34
-3.23,2.69,-3.13
-3.08,2.71,-3.24
-3.14,2.52,-2.97
-3.27,2.62,-3.2
-3.21,2.36,-3.15
-3.31,2.34,-3.01
-3.29,2.02,-3.18
-3.31,2.08,-3.05
-3.19,1.98,-3.01
-3.35,1.81,-3.02
-3.36,1.83,-2.93
-3.42,1.51,-3.14
-3.36,1.57,-2.93
-3.38,1.38,-3.09
-3.48,1.09,-2.75
-3.5,0.95,-2.93
-3.46,0.66,-2.87
-3.44,0.49,-2.98
-3.36,0.43,-2.99
-3.33,0.24,-2.89
-3.27,0.08,-2.92
-3.14,-0.19,-2.68
-3.27,-0.17,-2.84
-3.21,-0.39,-2.82
-3.1,-0.45,-2.93
-2.98,-0.5,-2.93
-3.1,-0.65,-2.87
-3.08,-0.71,-2.93
-2.89,-0.93,-2.87
-2.91,-0.95,-2.85
-2.83,-0.97,-3.08
-2.87,-0.9,-3.03
-2.87,-1.05,-3.1
-2.56,-1.05,-3.19
-2.7,-1.16,-3.22
-2.64,-1.23,-3.21
-2.51,-1.31,-3.23
-2.54,-1.38,-3.26
-2.52,-1.51,-3.26
-2.43,-1.55,-3.11
-2.41,-1.91,-3.05
-2.37,-1.83,-3.14
-2.41,-2.09,-3.01
-2.39,-2.37,-2.93
-2.35,-2.56,-3.06
-2.3,-2.69,-2.75
-2.3,-2.84,-2.79
-2.07,-3.03,-2.65
-2.1,-3.06,-2.57
-2.01,-3.23,-2.73
-1.95,-3.21,-2.75
-1.91,-3.34,-2.81
-1.88,-3.47,-2.94
-1.78,-3.61,-2.6
-1.67,-3.47,-2.49
-1.84,-3.57,-2.54
-1.72,-3.66,-2.33
-1.91,-3.66,-2.52
-1.74,-3.77,-2.27
-1.91,-3.87,-2.22
-1.89,-3.94,-2.15
-1.95,-4.02,-1.89
-2.09,-3.96,-1.74
-2.01,-4.04,-1.76
-3.54,-2.5,-2.68
-3.42,-2.63,-2.82
-3.5,-2.67,-2.73
-3.21,-2.76,-2.67
-3.12,-3.05,-2.7
-3.21,-3.01,-2.55
-2.87,-3.08,-2.68
-2.93,-3.19,-2.71
-2.64,-3.21,-2.67
-2.54,-3.31,-2.7
-2.51,-3.33,-2.67
-2.47,-3.59,-2.73
-2.26,-3.61,-2.53
-2.12,-3.87,-2.84
-1.91,-3.85,-2.81
-1.76,-3.96,-2.73
-1.63,-4.09,-3.05
-1.4,-4.05,-2.78
-1.23,-4.13,-2.92
-1.07,-4.19,-2.9
-1.04,-4.3,-3.1
-0.79,-4.2,-2.79
-0.79,-4.26,-3.05
-0.25,-4.3,-3.1
-0.41,-4.33,-3.2
-0.39,-4.33,-3.28
-0.18,-4.48,-3.05
0.05,-4.47,-3.19
0.09,-4.52,-3.38
0.3,-4.41,-3.4
0.32,-4.45,-3.26
0.42,-4.43,-3.53
0.63,-4.45,-3.59
0.68,-4.35,-3.41
0.72,-4.26,-3.63
0.72,-4.28,-3.62
0.87,-4.32,-3.71
0.84,-4.32,-3.88
0.97,-4.41,-3.72
0.93,-4.43,-3.79
0.91,-4.35,-3.72
0.86,-4.39,-3.71
0.91,-4.24,-3.84
0.8,-4.32,-3.72
0.99,-4.3,-3.76
0.95,-4.26,-3.88
0.99,-4.24,-3.74
0.93,-4.17,-3.71
1.03,-4.22,-3.72
1.03,-4.19,-3.64
0.97,-4.22,-3.7
1.08,-4.33,-3.67
1.01,-4.32,-3.69
1.12,-4.22,-3.79
1.2,-4.2,-3.66
1.18,-4.35,-3.76
1.01,-4.33,-3.73
1.16,-4.5,-3.68
1.12,-4.41,-3.73
1.18,-4.41,-3.63
1.08,-4.45,-3.76
1.08,-4.33,-3.59
1.12,-4.3,-3.71
1.08,-4.41,-3.59
1.08,-4.37,-3.69
1.18,-4.33,-3.66
1.14,-4.24,-3.79
0.99,-4.5,-3.71
0.99,-4.37,-3.7
1.01,-4.33,-3.64
1.03,-4.28,-3.74
0.95,-4.26,-3.75
0.95,-4.19,-3.53
0.89,-4.45,-3.71
0.89,-4.45,-3.66
0.95,-4.43,-3.59
0.95,-4.33,-3.7
0.97,-4.3,-3.63
0.97,-4.48,-3.81
1.1,-4.45,-3.74
1.03,-4.5,-3.81
1.16,-4.41,-3.59
1.05,-4.43,-3.62
0.93,-4.47,-3.58
1.01,-4.39,-3.71
1.14,-4.43,-3.67
0.95,-4.54,-3.78
0.99,-4.28,-3.72
0.97,-4.52,-3.64
1.03,-4.37,-3.53
1.05,-4.35,-3.55
1.03,-4.48,-3.51
0.99,-4.33,-3.63
1.05,-4.3,-3.67
0.97,-4.2,-3.59
1.03,-4.41,-3.81
0.99,-4.47,-3.76
1.16,-4.33,-3.79
1.05,-4.39,-3.88
1.12,-4.32,-3.74
1.18,-4.26,-3.75
0.95,-4.52,-3.74
1.18,-4.32,-3.69
1.03,-4.45,-3.7
1.24,-4.43,-3.6
1.16,-4.37,-3.82
1.05,-4.37,-3.67
1.14,-4.54,-3.5
0.95,-4.35,-3.68
1.07,-4.33,-3.5
1.12,-4.43,-3.65
1.16,-4.47,-3.66
1.07,-4.47,-3.61
1.05,-4.54,-3.64
1.12,-4.43,-3.52
1.14,-4.39,-3.67
1.2,-4.47,-3.56
1.08,-4.48,-3.46
1.1,-4.48,-3.6
1.2,-4.54,-3.47
1.1,-4.45,-3.46
1.14,-4.33,-3.62
1.05,-4.58,-3.69
1.24,-4.63,-3.36
1.26,-4.54,-3.6
1.12,-4.52,-3.32
1.2,-4.56,-3.6
1.03,-4.56,-3.52
1.08,-4.52,-3.64
1.22,-4.56,-3.47
1.26,-4.48,-3.27
1.1,-4.45,-3.44
1.24,-4.58,-3.59
1.31,-4.61,-3.6
1.1,-4.54,-3.5
1.14,-4.45,-3.41
1.05,-4.48,-3.72
1.16,-4.48,-3.5
1.26,-4.47,-3.55
1.31,-4.52,-3.48
1.1,-4.56,-3.6
1.1,-4.54,-3.4
1.28,-4.52,-3.35
1.18,-4.48,-3.39
1.39,-4.56,-3.51
1.18,-4.52,-3.59
1.07,-4.56,-3.57
1.1,-4.56,-3.48
1.12,-4.48,-3.45
1.12,-4.63,-3.55
1.03,-4.56,-3.53
1.22,-4.65,-3.52
1.28,-4.6,-3.43
1.05,-4.48,-3.48
1.05,-4.48,-3.15
1.22,-4.54,-3.56
1.07,-4.45,-3.5
1.12,-4.48,-3.48
1.2,-4.56,-3.44
1.24,-4.61,-3.37
1.14,-4.54,-3.28
1.22,-4.5,-3.36
1.22,-4.69,-3.47
1.24,-4.67,-3.38
1.35,-4.56,-3.46
1.39,-4.71,-3.43
1.62,-4.69,-3.11
1.7,-4.91,-3.21
1.71,-4.91,-3.12
1.81,-4.82,-2.93
1.75,-4.91,-3.02
1.91,-4.86,-2.77
1.85,-4.91,-2.99
2.1,-4.93,-2.87
2.29,-4.93,-2.89
2.46,-4.69,-2.74
2.71,-4.75,-2.94
2.8,-4.65,-3.1
2.86,-4.58,-3.0
3.11,-4.48,-3.11
3.28,-4.33,-3.2
3.38,-4.19,-3.21
3.51,-4.0,-3.36
3.55,-3.83,-3.65
3.57,-3.61,-4.02
3.53,-3.47,-4.24
3.47,-3.03,-4.39
3.32,-2.73,-4.73
3.11,-2.56,-4.73
2.9,-2.3,-5.25
2.69,-1.74,-5.5
2.46,-1.55,-5.47
2.42,-1.21,-5.53
2.21,-1.03,-5.9
2.27,-0.93,-5.81
2.12,-0.93,-5.85
2.15,-0.91,-5.79
2.29,-0.84,-5.85
2.25,-0.93,-6.08
2.13,-1.23,-5.8
2.17,-1.08,-5.82
2.06,-1.14,-5.72
2.17,-1.31,-5.96
2.04,-1.27,-5.77
2.12,-1.27,-5.91
2.08,-1.31,-5.8
2.1,-1.29,-5.89
2.1,-1.4,-5.69
2.02,-1.27,-5.87
2.02,-1.33,-5.69
2.15,-1.34,-5.78
2.08,-1.31,-5.78
2.06,-1.33,-5.86
2.19,-1.46,-5.75
2.15,-1.36,-5.62
2.1,-1.36,-5.74
1.98,-1.48,-5.83
2.08,-1.36,-5.77
2.08,-1.34,-5.66
2.02,-1.44,-5.78
2.02,-1.33,-5.95
2.1,-1.42,-5.69
2.04,-1.36,-5.69
2.08,-1.55,-5.74
1.94,-1.36,-5.67
2.1,-1.38,-5.69
2.02,-1.42,-5.84
1.87,-1.34,-5.83
1.81,-1.29,-5.89
2.1,-1.23,-5.77
2.06,-1.38,-5.73
2.02,-1.4,-5.79
2.06,-1.34,-5.77
2.04,-1.42,-5.7
2.08,-1.42,-5.8
2.13,-1.36,-5.8
2.08,-1.36,-5.68
2.1,-1.33,-5.71
2.15,-1.33,-5.74
2.0,-1.33,-5.78
2.15,-1.4,-5.76
2.1,-1.27,-5.86
2.02,-1.33,-5.96
2.25,-1.33,-5.68
1.98,-1.25,-5.51
-3.46,6.41,1.78
-3.88,6.02,2.11
-4.66,5.48,2.04
-4.84,5.1,2.14
-5.27,4.49,1.99
-5.64,3.89,2.15
-5.92,3.4,2.15
